name,brand,upc,source,created_at,category,alt_group,serving_g,calories,carbs_g,fiber_g,sugar_g,added_sugar_g,sugar_alcohols_g,protein_g,fat_g,sodium_mg,ingredients_text,__display,net_carbs_g,categories_all
Toasted Oats,Simple Truth,11110092656,openfoodfacts,2025-09-09T20:02:38.750840,grain,oats,100.0,384.61538461538,76.923076923077,,5.1282051282051,,,12.820512820513,6.4102564102564,384.61538461538,"ORGANIC WHOLE GRAIN OAT FLOUR, ORGANIC WHEAT STARCH, ORGANIC CANE SUGAR, SEA SALT, CALCIUM CARBONATE, TOCOPHEROLS (ANTIOXIDANTS TO MAINTAIN FRESHNESS). CONTAINS: WHEAT.","{'carbs_g': '76.9g', 'fiber_g': 'not listed', 'sugar_g': '5.1g', 'added_sugar_g': 'not listed', 'sugar_alcohols_g': 'not listed', 'protein_g': '12.8g', 'fat_g': '6.4g', 'sodium_mg': '385mg'}",76.923076923077,
Old fashioned whole grain oats,Kroger,11110766557,openfoodfacts,2025-09-09T20:02:14.112532,grain,oats,40.0,150.0,27.0,4.0,1.0,0.0,,5.0,2.5,0.0,"whole grain rolled oats,","{'carbs_g': '27.0g', 'fiber_g': '4.0g', 'sugar_g': '1.0g', 'added_sugar_g': '0g', 'sugar_alcohols_g': 'not listed', 'protein_g': '5.0g', 'fat_g': '2.5g', 'sodium_mg': '0mg'}",23.0,
Spring rolls,Summ,111121112111,openfoodfacts,2025-09-12T18:49:40.659519+00:00,bread,bread,117.0,292.0,33.9,3.51,4.68,,,8.19,14.0,0.0,,"{'carbs_g': '33.9g', 'fiber_g': '3.5g', 'sugar_g': '4.7g', 'added_sugar_g': 'not listed', 'sugar_alcohols_g': 'not listed', 'protein_g': '8.2g', 'fat_g': '14.0g', 'sodium_mg': '0mg'}",30.39,plant-based-foods-and-beverages|plant-based-foods|cereals-and-potatoes|breads
Jasmine Brown Rice,Dynasty,11152156828,openfoodfacts,2025-09-09T20:03:16.264526,grain,rice,100.0,377.77777777778,75.555555555556,,0.0,,,6.6666666666667,0.0,0.0,"JASMINE BROWN RICE. PRODUCT OF THAILAND 0% 0% IMPORTED BY: JFC INTERNATIONAL INC. LOS ANGELES, CA 90040 Amount/serving Sodium Omg Calories 170 Vitamin D 0mcg 0% Calcium 0mg 0% Iron 0.6mg 4% • serving Total Carbohydrate 34g Dietary Fiber 2g Total Sugars Og Includes Og of Added Sugars Protein 3g % Daily Value* 12% 6% 0% Potassium 110mg 29 THAI HOM MALI BROWN R","{'carbs_g': '75.6g', 'fiber_g': 'not listed', 'sugar_g': '0g', 'added_sugar_g': 'not listed', 'sugar_alcohols_g': 'not listed', 'protein_g': '6.7g', 'fat_g': '0g', 'sodium_mg': '0mg'}",75.555555555556,
Green Peas,Kasugai,11152493848,openfoodfacts,2025-09-12T18:35:06.873599+00:00,nut,nuts-seeds,100.0,466.66666666667,63.333333333333,13.333333333333,10.0,,,16.666666666667,16.666666666667,566.6666666666799,,"{'carbs_g': '63.3g', 'fiber_g': '13.3g', 'sugar_g': '10.0g', 'added_sugar_g': 'not listed', 'sugar_alcohols_g': 'not listed', 'protein_g': '16.7g', 'fat_g': '16.7g', 'sodium_mg': '567mg'}",50.0,nuts-and-seeds
0112111211111,,112111211111,openfoodfacts,2025-09-09T20:06:57.282791,drink,drink,100.0,0.0,,,,,,,,0.0,,"{'carbs_g': 'not listed', 'fiber_g': 'not listed', 'sugar_g': 'not listed', 'added_sugar_g': 'not listed', 'sugar_alcohols_g': 'not listed', 'protein_g': 'not listed', 'fat_g': 'not listed', 'sodium_mg': '0mg'}",0.0,
Purified Drinking Water,Aquafina,1210806,openfoodfacts,2025-09-09T20:10:10.913729,drink,drink,100.0,0.0,0.0,,,,,0.0,0.0,0.0,"SODIUM - Amount/ServingL % DV* 'VTotal:Fat Og Sodium Omg Totak$arb, Og Sugars Og ProtAïk0g Not a'iîhificant source of Other nutrients, * Percent Daily Values (DV) are based on a 2,000 calorie djet,","{'carbs_g': '0g', 'fiber_g': 'not listed', 'sugar_g': 'not listed', 'added_sugar_g': 'not listed', 'sugar_alcohols_g': 'not listed', 'protein_g': '0g', 'fat_g': '0g', 'sodium_mg': '0mg'}",0.0,
Peanut Butter Crunch,Fleischer,123456789012,openfoodfacts,2025-09-12T18:49:02.908178+00:00,bread,bread,66.0,34.9,1.94,0.99,1.94,,,6.99,0.0,25.2,"Unbleached enriched wheat flour [flour, barley malt, niacin (vitamin b3), iron, thiamin mononitrate (vitamin b1), riboflavin (vitamin b2), folic acid (vitamin b9)], water, sugar, yeast, wheat gluten, soybean oil, contains 2% or less of the following: salt, dough conditioners (mono - and diglycerides, sodium stearoyl lactylate, ethoxylated mono - and diglycerides, ascorbic acid), calcium propionate and sorbic acid (to retain freshness), yeast nutrients (calcium carbonate, calcium sulfate, monocalcium phosphate, ammonium sulfate), hydrogenated cottonseed oil, ground turmeric, soy lecithin.","{'carbs_g': '1.9g', 'fiber_g': '1.0g', 'sugar_g': '1.9g', 'added_sugar_g': 'not listed', 'sugar_alcohols_g': 'not listed', 'protein_g': '7.0g', 'fat_g': '0g', 'sodium_mg': '25mg'}",0.95,plant-based-foods-and-beverages|plant-based-foods|fruits-and-vegetables-based-foods|cereals-and-potatoes|meats-and-their-products|dried-products|fruits-based-foods|meats|prepared-meats|dried-plant-based-foods|sausages|breads|dried-fruits
Basmati Brown Rice,Sainsburys,1275926,openfoodfacts,2025-09-12T18:38:47.396333+00:00,nut,nuts-seeds,180.0,247.0,55.3,1.26,0.9,,,5.04,0.9,0.018,basmati rice,"{'carbs_g': '55.3g', 'fiber_g': '1.3g', 'sugar_g': '0.9g', 'added_sugar_g': 'not listed', 'sugar_alcohols_g': 'not listed', 'protein_g': '5.0g', 'fat_g': '0.9g', 'sodium_mg': '0mg'}",54.04,plant-based-foods-and-beverages|plant-based-foods|cereals-and-potatoes|seeds|cereals-and-their-products|cereal-grains|rices|aromatic-rices|indica-rices|long-grain-rices|brown-rices|basmati-rices|brown-basmati-rices
Multiseed Wholemeal Farmhouse Loaf,Sainsbury's,1318180,openfoodfacts,2025-09-12T17:50:06.668396+00:00,cereal,cereal,100.0,270.0,34.2,7.4,4.2,,,12.8,7.5,336.0,"Wholemeal Wheat Flour, Water, Mixed Seeds (14%) (Sunflower Seeds, Brown Linseed, Millet, Poppy Seeds), Wheat Gluten, Sugar, Yeast, Fermented Wheat Flour, Salt, Soya Flour, Rapeseed Oil, Spirit Vinegar, Malted Barley Flour, Malted Wheat Flour, Rye Flour, Palm Oil, Flour Treatment Agent: Ascorbic Acid.","{'carbs_g': '34.2g', 'fiber_g': '7.4g', 'sugar_g': '4.2g', 'added_sugar_g': 'not listed', 'sugar_alcohols_g': 'not listed', 'protein_g': '12.8g', 'fat_g': '7.5g', 'sodium_mg': '336mg'}",26.800000000000004,
Brot,Deluxe,13356194,openfoodfacts,2025-09-09T20:08:41.994708,cereal,cereal,75.0,152.0,36.0,1.35,6.0,,,5.7,6.38,360.0,"Weizenmehl, Wasser, Invertzuckersirup, Rapsöl, 2,5% Butterreinfett, Vollei*, Magermilchpulver, Speisesalz, Maisstärke, Emulgatoren: Mono - und Diglyceride Speisefettsäuren, Natriumstearoyl-2-lactylat; Säure - regulator: Natriumacetate; Erbseneiweiß, Dextrose, Roggen - röstmalzmehl. *von Eiern aus Bodenhaltung. von Kann Spuren von Sesam enthalten. Vor Wärme schützen und trocken lagern. Ungeöffnet","{'carbs_g': '36.0g', 'fiber_g': '1.4g', 'sugar_g': '6.0g', 'added_sugar_g': 'not listed', 'sugar_alcohols_g': 'not listed', 'protein_g': '5.7g', 'fat_g': '6.4g', 'sodium_mg': '360mg'}",34.65,
GOOD SEED Organic Bread,Dave's Killer Bread,13764027039,openfoodfacts,2025-09-12T18:49:11.216159+00:00,bread,bread,45.0,120.0,23.0,3.0,5.0,5.0,,5.0,2.5,160.0,"ORGANIC WHOLE WHEAT (ORGANIC CRACKED WHOLE WHEAT, ORGANIC WHOLE WHEAT FLOUR), WATER, ORGANIC WHEAT FLOUR, GOOD SEED MIX (ORGANIC WHOLE FLAX SEEDS, ORGANIC SUNFLOWER SEEDS, ORGANIC GROUND WHOLE FLAX SEEDS, ORGANIC UN-HULLED BROWN SESAME SEEDS, ORGANIC UN-HULLED BLACK SESAME SEEDS), ORGANIC DRIED CANE (SUGAR), ORGANIC WHEAT GLUTEN, ORGANIC STEEL CUT OATS, ORGANIC MOLASSES, YEAST, ORGANIC OAT FIBER, SEA SALT, ORGANIC CULTURED WHOLE WHEAT.","{'carbs_g': '23.0g', 'fiber_g': '3.0g', 'sugar_g': '5.0g', 'added_sugar_g': '5.0g', 'sugar_alcohols_g': 'not listed', 'protein_g': '5.0g', 'fat_g': '2.5g', 'sodium_mg': '160mg'}",20.0,plant-based-foods-and-beverages|plant-based-foods|cereals-and-potatoes|breads|undefined
21 Whole Grain and Seeds Organic Bread,Dave's Killer Bread,13764027053,openfoodfacts,2025-09-12T18:48:59.438850+00:00,bread,bread,45.0,110.0,22.0,4.0,4.0,8.88888888888889,,6.0,1.5,0.17,"organic whole wheat (organic whole wheat flour, organic cracked whole wheat), water, organic cane sugar, organic whole grains and seeds mix (organic whole flax seeds, organic sunflower seeds, organic tri-color quinoa (organic black quinoa, organic red quinoa, organic white quinoa), organic ground whole flax seeds, organic triticale, organic pumpkin seeds, organic rolled barley, organic rolled oats, organic rolled rye, organic blue cornmeal, organic millet, organic yellow cornmeal, organic kamut khorasan wheat, organic sorghum flour, organic buckwheat flour, organic quinoa, organic poppy seeds), organic wheat gluten, organic oat fiber, yeast, organic molasses, sea salt, organic cultured wheat flour, organic vinegar, organic acerola cherry powder, enzymes","{'carbs_g': '22.0g', 'fiber_g': '4.0g', 'sugar_g': '4.0g', 'added_sugar_g': '8.9g', 'sugar_alcohols_g': 'not listed', 'protein_g': '6.0g', 'fat_g': '1.5g', 'sodium_mg': '0mg'}",18.0,plant-based-foods-and-beverages|plant-based-foods|cereals-and-potatoes|cereals-and-their-products|breads|sliced-breads|multigrain-sliced-breads
Thin-Sliced Organic Bread Good Seed,Dave’s Killer Bread,13764027121,openfoodfacts,2025-09-12T18:49:01.416411+00:00,bread,bread,28.0,70.0,13.0,3.0,2.0,2.0,,4.0,1.5,120.0,"organic whole wheat (organic whole wheat flour, organic cracked whole wheat), water, good seed mix (organic whole flax seeds, organic sunflower seeds, organic ground whole flax seeds, organic un-hulled brown sesame seeds, organic un-hulled black sesame seeds), organic dried cane syrup (sugar), organic wheat gluten, organic oat fiber, organic steel cut oats, organic molasses, sea salt, yeast, organic cultured whole wheat,","{'carbs_g': '13.0g', 'fiber_g': '3.0g', 'sugar_g': '2.0g', 'added_sugar_g': '2.0g', 'sugar_alcohols_g': 'not listed', 'protein_g': '4.0g', 'fat_g': '1.5g', 'sodium_mg': '120mg'}",10.0,plant-based-foods-and-beverages|plant-based-foods|cereals-and-potatoes|breads|sliced-breads|multigrain-sliced-breads
Organic Powerseed Thin-Sliced,Dave's Killer Bread,13764027190,openfoodfacts,2025-09-12T18:51:59.968781+00:00,bread,bread,28.0,59.92,12.012,2.996,1.999,1.999,,2.996,1.5008,89.88,"organic whole wheat (organic whole wheat flour, organic cracked whole wheat), water, powerseed mix (organic whole flax seeds, organic ground whole flax seeds, organic rolled oats, organic sunflower seeds, organic pumpkin seeds, organic un-hulled black sesame seeds, organic un-hulled brown sesame seeds), organic fruit juices (pear, peach, pineapple), organic oat fiber, organic wheat gluten, sea salt, organic cultured whole wheat, yeast,","{'carbs_g': '12.0g', 'fiber_g': '3.0g', 'sugar_g': '2.0g', 'added_sugar_g': '2.0g', 'sugar_alcohols_g': 'not listed', 'protein_g': '3.0g', 'fat_g': '1.5g', 'sodium_mg': '90mg'}",9.016,plant-based-foods-and-beverages|plant-based-foods|cereals-and-potatoes|breads
Organic Bread,Dave's Killer Bread,13764027220,openfoodfacts,2025-09-12T18:49:05.266967+00:00,bread,bread,40.0,110.0,20.0,2.0,2.0,2.0,,4.0,2.0,170.0,"organic flours (organic wheat flour, organic whole wheat flour, organic barley flour, organic rye flour, organic spelt flour, organic millet flour, organic quinoa flour, organic potato flour), water, organic cane sugar, organic cracked whole wheat, organic canola oil, organic wheat gluten, sea salt, yeast, organic cultured wheat flour, organic vinegar, organic acerola cherry power, enzymes","{'carbs_g': '20.0g', 'fiber_g': '2.0g', 'sugar_g': '2.0g', 'added_sugar_g': '2.0g', 'sugar_alcohols_g': 'not listed', 'protein_g': '4.0g', 'fat_g': '2.0g', 'sodium_mg': '170mg'}",18.0,plant-based-foods-and-beverages|plant-based-foods|cereals-and-potatoes|cereals-and-their-products|breads|sliced-breads
POWERSEED ORGANIC BREAD,Dave’s  Killer Bread organic lower seed,13764027282,openfoodfacts,2025-09-12T18:49:41.425640+00:00,bread,bread,42.0,187.5,37.5,8.33333333333333,2.08333333333333,2.08333333333333,,10.4166666666667,4.16666666666667,0.270833333333333,"Organic Whole Wheat (Organic Whole Wheat Flour, Organic Cracked Whole Wheat), Water, Organic Powerseed Grain And Seed Mix (Organic Whole Flax Seeds, Organic Sunflower Seeds, Organic Brown Sesame Seeds, Organic Ground Whole Flax Seeds, Organic Rolled Oats), Organic Wheat Gluten, Organic Fruit Juices (Organic Apple, Organic Pear, Organic Peach), Organic Oat Fiber, Sea Salt, Organic Vinegar, Organic Cultured Wheat Flour, Yeast, Enzymes, Organic Acerola Cherry Powder.","{'carbs_g': '37.5g', 'fiber_g': '8.3g', 'sugar_g': '2.1g', 'added_sugar_g': '2.1g', 'sugar_alcohols_g': 'not listed', 'protein_g': '10.4g', 'fat_g': '4.2g', 'sodium_mg': '0mg'}",29.16666666666667,plant-based-foods-and-beverages|plant-based-foods|cereals-and-potatoes|breads|white-breads|wheat-breads
Plain awesome bagels,Dave’s killer bread,13764028012,openfoodfacts,2025-09-12T18:52:21.188970+00:00,bread,bread,95.0,273.684210526316,54.7368421052632,6.31578947368421,7.36842105263158,140.0,,10.5263157894737,3.15789473684211,0.484210526315788,"organic wheat flour, water, organic ancient grains blend (organic barley meal, organic dark rye flour, organic spelt flour, organic whole millet flour, organic quinoa flour), organic wheat gluten, organic cane sugar, organic thick rolled oats, organic expeller pressed canola oil, yeast, organic cultured wheat, organic vinegar, salt, organic fermented rye flour, organic yellow cornmeal, wheat enzymes,","{'carbs_g': '54.7g', 'fiber_g': '6.3g', 'sugar_g': '7.4g', 'added_sugar_g': '140.0g', 'sugar_alcohols_g': 'not listed', 'protein_g': '10.5g', 'fat_g': '3.2g', 'sodium_mg': '0mg'}",48.42105263157899,plant-based-foods-and-beverages|plant-based-foods|cereals-and-potatoes|breads|special-breads|bagel-breads
Organic Bagels EPIC EVERYTHING,Dave's Killer Bread,13764028036,openfoodfacts,2025-09-12T18:52:02.455260+00:00,bread,bread,95.0,280.0,49.0,5.0,5.0,5.0,,13.0,6.0,390.0,"organic wheat (organic wheat flour, organic whole wheat flour), water, everything mix (organic chia seeds, organic dehydrated minced garlic, organic dehydrated chopped onion, organic whole flax seeds, organic un-hulled black sesame seeds, organic un-hulled brown sesame seeds, organic poppy seeds, coarse sea salt), organic wheat gluten, organic cane sugar, organic thick rolled oats, organic sunflower seeds, yeast, organic vinegar, organic cultured wheat, organic expeller pressed canola oil, salt, organic fermented rye flour, organic yellow cornmeal, wheat enzymes,","{'carbs_g': '49.0g', 'fiber_g': '5.0g', 'sugar_g': '5.0g', 'added_sugar_g': '5.0g', 'sugar_alcohols_g': 'not listed', 'protein_g': '13.0g', 'fat_g': '6.0g', 'sodium_mg': '390mg'}",44.0,plant-based-foods-and-beverages|plant-based-foods|cereals-and-potatoes|breads|special-breads|bagel-breads
Thin-Sliced Organic Bread,Dave's Killer Bread,13764028074,openfoodfacts,2025-09-12T18:49:16.555214+00:00,bread,bread,28.0,70.0,15.0,2.0,3.0,3.0,,3.0,1.0,115.0,"organic sprouted whole wheat flour, water, organic cracked whole wheat, organic cane sugar, organic rolled oats, organic sprouted wheat flakes, organic expeller pressed canola oil, contains 2% or less of each of the following: organic wheat gluten, organic molasses, organic oat fiber, yeast, sea salt, organic sprouted rye flakes, organic cultured wheat flour, organic vinegar, organic whole wheat flour, organic acerola powder, enzymes","{'carbs_g': '15.0g', 'fiber_g': '2.0g', 'sugar_g': '3.0g', 'added_sugar_g': '3.0g', 'sugar_alcohols_g': 'not listed', 'protein_g': '3.0g', 'fat_g': '1.0g', 'sodium_mg': '115mg'}",13.0,plant-based-foods-and-beverages|plant-based-foods|cereals-and-potatoes|breads|sliced-breads|white-breads|multigrain-sliced-breads|wheat-breads
Thin-Sliced Organic Bread,Dave's Killer Bread,13764028081,openfoodfacts,2025-09-12T18:50:39.402096+00:00,bread,bread,28.0,70.0,14.0,2.0,2.0,7.14285714285715,,3.0,1.5,95.0,"organic flours (organic wheat flour, organic whole wheat flour, organic barley flour, organic rye flour, organic spelt flour, organic millet flour, organic quinoa flour, organic potato flour), water, organic cane sugar, organic cracked whole wheat, organic expeller pressed canola oil, contains 2% or less of each of the following: sea salt, organic vinegar, yeast, organic wheat gluten, organic cultured wheat flour, organic acerola cherry powder, enzymes, 553-111219 assurano","{'carbs_g': '14.0g', 'fiber_g': '2.0g', 'sugar_g': '2.0g', 'added_sugar_g': '7.1g', 'sugar_alcohols_g': 'not listed', 'protein_g': '3.0g', 'fat_g': '1.5g', 'sodium_mg': '95mg'}",12.0,plant-based-foods-and-beverages|plant-based-foods|cereals-and-potatoes|breads|sliced-breads
Lightly Salted Pistachios,Wonderful,14113910651,openfoodfacts,2025-09-09T20:07:20.192472,nut,nuts-seeds,28.0,571.428571428572,28.5714285714286,10.7142857142857,7.14285714285715,0.0,,21.4285714285714,46.4285714285714,0.232142857142857,"Pistachios, sea salt.","{'carbs_g': '28.6g', 'fiber_g': '10.7g', 'sugar_g': '7.1g', 'added_sugar_g': '0g', 'sugar_alcohols_g': 'not listed', 'protein_g': '21.4g', 'fat_g': '46.4g', 'sodium_mg': '0mg'}",17.857142857142904,
Wonderful Pistachios Roasted & Salted,Wonderful,14113910712,openfoodfacts,2025-09-09T20:07:08.946375,nut,nuts-seeds,100.0,120.0,6.0,2.0,2.0,0.0,,5.0,10.0,105.0,"Pistachios, sea salt.","{'carbs_g': '6.0g', 'fiber_g': '2.0g', 'sugar_g': '2.0g', 'added_sugar_g': '0g', 'sugar_alcohols_g': 'not listed', 'protein_g': '5.0g', 'fat_g': '10.0g', 'sodium_mg': '105mg'}",4.0,
Roasted & Salted Pistachios,Wonderful,14113912549,openfoodfacts,2025-09-09T20:07:10.475428,nut,nuts-seeds,28.0,160.0,8.0,3.064,2.04,,,6.0,13.0,137.6,"PISTACHIOS, SEA SALT.","{'carbs_g': '8.0g', 'fiber_g': '3.1g', 'sugar_g': '2.0g', 'added_sugar_g': 'not listed', 'sugar_alcohols_g': 'not listed', 'protein_g': '6.0g', 'fat_g': '13.0g', 'sodium_mg': '138mg'}",4.936,
Honey Nut Cheerios,General Mills,16000124790,openfoodfacts,2025-09-12T18:36:54.314686+00:00,nut,nuts-seeds,37.0,140.0,30.0,3.0,12.0,12.0,,3.0,2.0,210.0,"Whole Grain Oats, Sugar, Corn Starch, Honey, Brown Sugar Syrup, Salt, Tripotassium Phosphate, Canola Oil, Natural Almond Flavor, Vitamin E, Calcium Carbonate, Vitamin C, sodium ascorbate, Iron, Zinc, mineral nutrients, niacinamide, Vitamin B6, pyridoxine hydrochloride, Vitamin B1, thiamin mononitrate, Vitamin A, palmitate, Vitamin B2, riboflavin, folic acid, Vitamin B13, Vitamin D3","{'carbs_g': '30.0g', 'fiber_g': '3.0g', 'sugar_g': '12.0g', 'added_sugar_g': '12.0g', 'sugar_alcohols_g': 'not listed', 'protein_g': '3.0g', 'fat_g': '2.0g', 'sodium_mg': '210mg'}",27.0,plant-based-foods-and-beverages|plant-based-foods|breakfasts|cereals-and-potatoes|seeds|cereals-and-their-products|breakfast-cereals|cereal-grains|extruded-cereals
Honey Nut Cheerios,Cheerios,16000125063,openfoodfacts,2025-09-09T20:06:33.051246,cereal,cereal,37.0,140.0,30.0,3.0,12.0,32.4324324324324,,3.0,2.0,210.0,"whole grain oats, sugar, oat bran, corn starch, honey, brown sugar syrup, salt, tripotassium phosphate, canola oil, natural almond flavor, vitamin e (mixed tocopherols) (added to preserve freshness), calcium carbonate, zinc and iron (mineral nutrients), vitamin c (sodium ascorbate), a b vitamin (niacinamide), vitamin b6 (pyridoxine hydrochloride), vitamin b2 (riboflavin), vitamin b1 (thiamin mononitrate), vitamin a (palmitate), a b vitamin (folic acid), vitamin b12, vitamin d3.","{'carbs_g': '30.0g', 'fiber_g': '3.0g', 'sugar_g': '12.0g', 'added_sugar_g': '32.4g', 'sugar_alcohols_g': 'not listed', 'protein_g': '3.0g', 'fat_g': '2.0g', 'sodium_mg': '210mg'}",27.0,
Lightly Sweetened Maple Berry Blend Cereal,Morning Summit,16000147652,openfoodfacts,2025-09-09T20:06:30.596293,cereal,cereal,55.0,280.0,31.0,5.0,13.0,11.0,,6.0,15.0,80.0,"almonds, whole grain wheat, organic maple syrup, whole grain oats, sugar, dried coconut, pumpkin seeds, organic coconut oil, dried sweetened cranberries (cranberries, sugar, glycerin), dried sweetened cherries (cherries, sugar, glycerin), corn bran, brown sugar syrup, vanilla extract, salt, vitamin e (mixed tocopherols) added to preserve freshness,","{'carbs_g': '31.0g', 'fiber_g': '5.0g', 'sugar_g': '13.0g', 'added_sugar_g': '11.0g', 'sugar_alcohols_g': 'not listed', 'protein_g': '6.0g', 'fat_g': '15.0g', 'sodium_mg': '80mg'}",26.0,
Cheerios,General Mills,16000170032,openfoodfacts,2025-09-09T20:06:08.261110,cereal,cereal,39.0,140.0,29.0,4.0,2.0,1.0,,5.0,2.5,0.19,"whole grain oats, corn starch, sugar, salt, tripotassium phosphate, vitamin e (mixed tocopherols) (added to preserve freshness), calcium carbonate, iron, zinc, vitamin c (sodium ascorbate), a b vitamin (niacinamide), vitamin be (pyridoxine hydrochloride), vitamin a (palmitate), vitamin b, (thiamin mononitrate), a b vitamin (folic acid), vitamin b12, vitamin d3.","{'carbs_g': '29.0g', 'fiber_g': '4.0g', 'sugar_g': '2.0g', 'added_sugar_g': '1.0g', 'sugar_alcohols_g': 'not listed', 'protein_g': '5.0g', 'fat_g': '2.5g', 'sodium_mg': '0mg'}",25.0,
Cheerios Heart shape imp,Cheerios,16000275263,openfoodfacts,2025-09-09T20:06:09.953356,cereal,cereal,39.0,140.0,29.0,4.0,11.0,1.0,,5.0,2.5,190.0,"whole grain oats, corn starch, sugar, salt, tripotassium phosphate, vitamin e (mixed tocopherols), calcium carbonate, iron and zinc (mineral nutrients), vitamin c (sodium ascorbate), a b vitamin (niacinamide), vitamin b6 (pyridoxine hydrochloride), vitamin a (palmitate), vitamin b1 (thiamin mononitrate), a b vitamin (folic acid), vitamin b12, vitamin d3,","{'carbs_g': '29.0g', 'fiber_g': '4.0g', 'sugar_g': '11.0g', 'added_sugar_g': '1.0g', 'sugar_alcohols_g': 'not listed', 'protein_g': '5.0g', 'fat_g': '2.5g', 'sodium_mg': '190mg'}",25.0,
Cheerios Original,Cheerios,16000435094,openfoodfacts,2025-09-09T20:06:17.275078,cereal,cereal,39.0,140.0,29.0,4.0,2.0,2.0,,5.0,2.5,0.19,"Whole Grain Oats, Corn Starch, Sugar, Salt, Tripotassium Phosphate. Vitamin E (mixed tocopherols) (Added to Preserve Freshness). Vitamins and Minerals [Calcium Carbonate, Iron (mineral), Zinc (mineral), Vitamin C (sodium ascorbate), niacinamide, Vitamin B6 (pyridoxine hydrochloride), Vitamin A (palmitate), Vitamin B1 (thiamin mononitrate), folic acid, Vitamin B12, Vitamin D3].","{'carbs_g': '29.0g', 'fiber_g': '4.0g', 'sugar_g': '2.0g', 'added_sugar_g': '2.0g', 'sugar_alcohols_g': 'not listed', 'protein_g': '5.0g', 'fat_g': '2.5g', 'sodium_mg': '0mg'}",25.0,
Cheerios Grandkids imp,General Mills,16000487727,openfoodfacts,2025-09-09T20:06:16.370067,cereal,cereal,39.0,140.01,29.016,4.017,2.001,,,4.992,2.4999,189.93,"whole grain oats, corn starch, sugar, salt, tripotassium phosphate, vitamin e (mixed tocopherols) added to preserve freshness,vitamins and minerals: calcium carbonate, iron and zinc (mineral nutrients), vitamin c (sodium ascorbate), a b vitamin (niacinamide), vitamin b6 (pyridoxine hydrochloride), vitamin a (palmitate), vitamin b1 (thiamin mononitrate), a b vitamin (folic acid), vitamin b12, vitamin d3,","{'carbs_g': '29.0g', 'fiber_g': '4.0g', 'sugar_g': '2.0g', 'added_sugar_g': 'not listed', 'sugar_alcohols_g': 'not listed', 'protein_g': '5.0g', 'fat_g': '2.5g', 'sodium_mg': '190mg'}",24.999,
Coconut Milk,aroy-d,16229001711,openfoodfacts,2025-09-09T20:10:06.196682,drink,drink,83.0,150.0,2.0,,2.0,,,1.0,15.0,15.03,"COCONUT MILK 99.96%, POLYSORBATE 60","{'carbs_g': '2.0g', 'fiber_g': 'not listed', 'sugar_g': '2.0g', 'added_sugar_g': 'not listed', 'sugar_alcohols_g': 'not listed', 'protein_g': '1.0g', 'fat_g': '15.0g', 'sodium_mg': '15mg'}",2.0,
Yankee,,16843697000,openfoodfacts,2025-09-12T17:29:32.589498+00:00,drink,drink,100.0,571.42,21.43,7.14,3.57,,,25.0,50.0,790.0,"ARACHIDES TORREFIEES, SUCRE, HUILE VEGETALE ENTIEREMENT HYDROGENEE (HUILE DE SOJA), SEL","{'carbs_g': '21.4g', 'fiber_g': '7.1g', 'sugar_g': '3.6g', 'added_sugar_g': 'not listed', 'sugar_alcohols_g': 'not listed', 'protein_g': '25.0g', 'fat_g': '50.0g', 'sodium_mg': '790mg'}",14.29,
KEFIR cultured lowfat milk,Lifeway,17077102322,openfoodfacts,2025-09-09T20:10:10.123250,drink,drink,240.0,38.16,3.696,0.02,3.696,,,3.888,0.8496,125.04,"Pasteurized lowfat milk, nonfat milk, pectin, vitamin a palmitate, vitamin d3, live and active cultures.","{'carbs_g': '3.7g', 'fiber_g': '0.0g', 'sugar_g': '3.7g', 'added_sugar_g': 'not listed', 'sugar_alcohols_g': 'not listed', 'protein_g': '3.9g', 'fat_g': '0.8g', 'sodium_mg': '125mg'}",3.676,
Brown Rice & Quinoa,Minute,17400140380,openfoodfacts,2025-09-09T20:02:58.650886,grain,rice,125.0,220.0,42.0,4.0,1.0,0.0,,5.0,4.0,0.19,"WATER, BROWN RICE, RED QUINOA, SUNFLOWER OIL, SEA SALT, SUNFLOWER LECITHIN (EMULSIFIER). RIVIANA FOODS INC. HOUSTON, TX 77019 U.S.A. Riviana RIVIANA FOODS INC. OVER STIR & Microwa Cover and","{'carbs_g': '42.0g', 'fiber_g': '4.0g', 'sugar_g': '1.0g', 'added_sugar_g': '0g', 'sugar_alcohols_g': 'not listed', 'protein_g': '5.0g', 'fat_g': '4.0g', 'sodium_mg': '0mg'}",38.0,
SPANISH RICE,Minute,17400224424,openfoodfacts,2025-09-09T20:03:25.984530,grain,rice,125.0,180.0,37.0,4.0,1.0,0.0,,3.0,2.5,550.0,,"{'carbs_g': '37.0g', 'fiber_g': '4.0g', 'sugar_g': '1.0g', 'added_sugar_g': '0g', 'sugar_alcohols_g': 'not listed', 'protein_g': '3.0g', 'fat_g': '2.5g', 'sodium_mg': '550mg'}",33.0,
Mexican-Style Jasmine Rice,Mahatma,17400224455,openfoodfacts,2025-09-09T20:03:02.633785,grain,rice,280.0,450.0,91.0,3.0,2.0,,,10.0,5.0,1130.0,"Jasmine Rice, Water, Tomato Paste, Sunflower Oil, Onion Powder, Garlic Powder, Sea Salt, Yeast Extract, Black Pepper, Sunflower Lecithin (Emulsifier), Natural Flavor","{'carbs_g': '91.0g', 'fiber_g': '3.0g', 'sugar_g': '2.0g', 'added_sugar_g': 'not listed', 'sugar_alcohols_g': 'not listed', 'protein_g': '10.0g', 'fat_g': '5.0g', 'sodium_mg': '1130mg'}",88.0,
Swiss style muesli,Sainsbury's,1771879,openfoodfacts,2025-09-09T20:06:23.687407,grain,oats,40.0,151.0,26.7,2.8,5.72,,,3.96,2.52,4.0,"_Oat_ Flakes (40%), Malted Toasted Wheat Flakes (38%) (_Wheat_, _Barley_ Malt Extract), Sultanas (15%), Whey Powder (Cows' _Milk_), _Hazelnuts_ (2%), _Almonds_ (1%).","{'carbs_g': '26.7g', 'fiber_g': '2.8g', 'sugar_g': '5.7g', 'added_sugar_g': 'not listed', 'sugar_alcohols_g': 'not listed', 'protein_g': '4.0g', 'fat_g': '2.5g', 'sodium_mg': '4mg'}",23.9,
Gelato - Madagascan Vanilla Bean,Talenti,186852000389,openfoodfacts,2025-09-09T20:08:00.189586,dessert,ice-cream,128.0,260.0,32.0,0.0,32.0,,,5.0,13.0,71.1,"Milk, sugar , cream, dextrose , vanilla extract, sunflower lecithin, carob bean gum, guar gum, natural flavor, lemon peel.","{'carbs_g': '32.0g', 'fiber_g': '0g', 'sugar_g': '32.0g', 'added_sugar_g': 'not listed', 'sugar_alcohols_g': 'not listed', 'protein_g': '5.0g', 'fat_g': '13.0g', 'sodium_mg': '71mg'}",32.0,
Oat Milk,Oatly!,190646641016,openfoodfacts,2025-09-09T20:10:09.360136,grain,oats,240.0,120.0,16.0,1.0,7.0,7.0,,3.0,5.0,100.0,"Oat Base (Water, Oats), Low Erucic Acid Rapeseed Oil, Dipotassium Phosphate, Calcium Carbonate, Tricalcium Phosphate, Sea Salt, Dicalcium Phosphate, Riboflavin, Vitamin A, Vitamin D2, Vitamin B12.","{'carbs_g': '16.0g', 'fiber_g': '1.0g', 'sugar_g': '7.0g', 'added_sugar_g': '7.0g', 'sugar_alcohols_g': 'not listed', 'protein_g': '3.0g', 'fat_g': '5.0g', 'sodium_mg': '100mg'}",15.0,
baguette bread,Simply   M&S,192781,openfoodfacts,2025-09-12T15:00:14.946298+00:00,cereal,cereal,310.0,865.0,175.0,9.92,8.99,,,26.0,2.79,0.0,"Wheatflour (contains Gluten) Water Salt Wheat Gluten Yeast (Yeast, Vitamin D) Malted Wheatflour (contains allergy Gluten) Wheatflour contains Gluten (with Wheatflour, Calcium Carbonate, Iron, Niacin, Thiamin). Flour Treatment Agent: Ascorbic acid.","{'carbs_g': '175.0g', 'fiber_g': '9.9g', 'sugar_g': '9.0g', 'added_sugar_g': 'not listed', 'sugar_alcohols_g': 'not listed', 'protein_g': '26.0g', 'fat_g': '2.8g', 'sodium_mg': '0mg'}",165.08,
Roasted almonds with Sea Salt,Kirkland Signature,196633966339,openfoodfacts,2025-09-09T20:07:16.266912,nut,nuts-seeds,28.349,190.0,5.0,,,,,6.0,16.0,0.0,"Almonds, Sea Salt, Highly Refined Peanut Oil","{'carbs_g': '5.0g', 'fiber_g': 'not listed', 'sugar_g': 'not listed', 'added_sugar_g': 'not listed', 'sugar_alcohols_g': 'not listed', 'protein_g': '6.0g', 'fat_g': '16.0g', 'sodium_mg': '0mg'}",5.0,
Pistaches de Californie,Alesto,20005719,openfoodfacts,2025-09-12T17:29:29.797127+00:00,nut,nuts-seeds,100.0,605.0,10.0,7.0,5.0,,,26.0,49.0,696.0,"pistachios, salt 1.8%,
possible traces of other nuts and peanuts,","{'carbs_g': '10.0g', 'fiber_g': '7.0g', 'sugar_g': '5.0g', 'added_sugar_g': 'not listed', 'sugar_alcohols_g': 'not listed', 'protein_g': '26.0g', 'fat_g': '49.0g', 'sodium_mg': '696mg'}",3.0,
20005733,Alesto,20005733,openfoodfacts,2025-09-12T17:29:16.479818+00:00,nut,nuts-seeds,30.0,214.0,1.11,2.04,0.9,,,4.65,20.7,2.4,"walnuts, may contain traces of other nuts and peanuts, naturally high content of omega-3 fatty acids,","{'carbs_g': '1.1g', 'fiber_g': '2.0g', 'sugar_g': '0.9g', 'added_sugar_g': 'not listed', 'sugar_alcohols_g': 'not listed', 'protein_g': '4.7g', 'fat_g': '20.7g', 'sodium_mg': '2mg'}",0.0,
Wholegrain Rye Bread,Lidl,20006105,openfoodfacts,2025-09-12T17:48:39.315079+00:00,cereal,cereal,56.0,118.0,21.3,5.21,2.18,,,3.25,1.01,224.0,"Wholemeal Rye, Water, Sourdough (Water, Wholemeal Rye, Rye Flour, Wheat Flour), Wholegrain Rye Flour, Invert Sugar Syrup, Salt, Rye Flakes, Yeast.","{'carbs_g': '21.3g', 'fiber_g': '5.2g', 'sugar_g': '2.2g', 'added_sugar_g': 'not listed', 'sugar_alcohols_g': 'not listed', 'protein_g': '3.2g', 'fat_g': '1.0g', 'sodium_mg': '224mg'}",16.09,
Cacahuètes - grillées & salées,Alesto,20014384,openfoodfacts,2025-09-12T17:29:33.826750+00:00,nut,nuts-seeds,100.0,619.0,11.0,,5.2,,,24.4,51.2,400.0,"95% peanuts (peanuts), vegetable oils (palm, sunflower), salt,","{'carbs_g': '11.0g', 'fiber_g': 'not listed', 'sugar_g': '5.2g', 'added_sugar_g': 'not listed', 'sugar_alcohols_g': 'not listed', 'protein_g': '24.4g', 'fat_g': '51.2g', 'sodium_mg': '400mg'}",11.0,
20047238,Alesto,20047238,openfoodfacts,2025-09-12T17:29:15.844466+00:00,nut,nuts-seeds,30.0,194.0,1.92,2.55,1.26,,,6.12,17.4,1.2,"25% Walnuts, 25% Hazelnuts, 25% Cashews, 25% Blanched Almonds. For allergens, see ingredients in bold. May also contain other Nuts and Peanuts.","{'carbs_g': '1.9g', 'fiber_g': '2.5g', 'sugar_g': '1.3g', 'added_sugar_g': 'not listed', 'sugar_alcohols_g': 'not listed', 'protein_g': '6.1g', 'fat_g': '17.4g', 'sodium_mg': '1mg'}",0.0,
Peanuts roasted & salted,Alesto,20054793,openfoodfacts,2025-09-12T17:32:24.382235+00:00,nut,nuts-seeds,30.0,186.0,3.3,2.46,1.59,,,7.2,15.4,96.0,"peanuts, sunflower oil, cooking salt, may contain traces of gusclo fruit,","{'carbs_g': '3.3g', 'fiber_g': '2.5g', 'sugar_g': '1.6g', 'added_sugar_g': 'not listed', 'sugar_alcohols_g': 'not listed', 'protein_g': '7.2g', 'fat_g': '15.4g', 'sodium_mg': '96mg'}",0.8399999999999999,
Goody Cao,Bellarom,20083786,openfoodfacts,2025-09-09T20:10:03.524433,drink,drink,10.0,38.4,7.89,0.75,7.58,7.58,,0.54,0.33,4.4,"at 4,5 mg 75% 1,1 mg 18% daily reference intakes of vitamins (adults)/reminders of dnevni mosti 276 μg 10 g / eno pakiranje sebuje 80 servings of 10 g,/ jan for 80 porcija of 10 g, dla of preparation instructions / putama/ čka allia geno ople nature cocoa hance c/pap 2008 3786","{'carbs_g': '7.9g', 'fiber_g': '0.8g', 'sugar_g': '7.6g', 'added_sugar_g': '7.6g', 'sugar_alcohols_g': 'not listed', 'protein_g': '0.5g', 'fat_g': '0.3g', 'sodium_mg': '4mg'}",7.14,
Brazil Nuts,Alesto,20202392,openfoodfacts,2025-09-12T17:29:17.617365+00:00,nut,nuts-seeds,30.0,210.0,0.8,3.0,0.8,,,5.1,20.0,4.0,Whole Brazil nuts,"{'carbs_g': '0.8g', 'fiber_g': '3.0g', 'sugar_g': '0.8g', 'added_sugar_g': 'not listed', 'sugar_alcohols_g': 'not listed', 'protein_g': '5.1g', 'fat_g': '20.0g', 'sodium_mg': '4mg'}",0.0,
Cashewkerne,Alesto,20267605,openfoodfacts,2025-09-12T17:29:15.206068+00:00,nut,nuts-seeds,30.0,180.0,5.94,1.56,1.95,,,6.15,14.3,2.4,Cashews,"{'carbs_g': '5.9g', 'fiber_g': '1.6g', 'sugar_g': '1.9g', 'added_sugar_g': 'not listed', 'sugar_alcohols_g': 'not listed', 'protein_g': '6.2g', 'fat_g': '14.3g', 'sodium_mg': '2mg'}",4.380000000000001,
Roasted Cashew-Peanut-Mix Honey & Salt,Alesto,20333737,openfoodfacts,2025-09-09T20:06:49.923597,nut,nuts-seeds,30.0,160.0,13.0,1.5,10.6,,,4.41,9.72,99.6,"33% cashews , 32% peanut kernels , sugar, 3% honey, vegetable oils (sunflower, oil palm), gelling agent: gum arabic, 0,8% table salt, glucose syrup, dye: ammonia sugar caramel,","{'carbs_g': '13.0g', 'fiber_g': '1.5g', 'sugar_g': '10.6g', 'added_sugar_g': 'not listed', 'sugar_alcohols_g': 'not listed', 'protein_g': '4.4g', 'fat_g': '9.7g', 'sodium_mg': '100mg'}",11.5,
Pistacchi,AlestoLidl,20337292,openfoodfacts,2025-09-12T17:29:30.430050+00:00,nut,nuts-seeds,30.0,182.0,3.09,2.28,1.68,,,7.95,14.8,3.6,pistachios,"{'carbs_g': '3.1g', 'fiber_g': '2.3g', 'sugar_g': '1.7g', 'added_sugar_g': 'not listed', 'sugar_alcohols_g': 'not listed', 'protein_g': '8.0g', 'fat_g': '14.8g', 'sodium_mg': '4mg'}",0.81,
Mélange de noix et d'olives,Alesto,20353032,openfoodfacts,2025-09-12T17:30:41.848101+00:00,nut,nuts-seeds,30.0,193.0,3.18,,1.74,,,7.05,16.4,75.6,"34% roasted peanuts, 24% toasted almonds, 23% toasted cashew nuts, 6% pecan nuts, 5% pistachios, vegetable oils (rapeseed, olive), 2% dried olives in slices, cooking salt, onion, garlic, maltodextrin, yeast extract, pepper, anti-caking agent: silicon dioxide, flavors (contains soy), acidifying: citric acid","{'carbs_g': '3.2g', 'fiber_g': 'not listed', 'sugar_g': '1.7g', 'added_sugar_g': 'not listed', 'sugar_alcohols_g': 'not listed', 'protein_g': '7.0g', 'fat_g': '16.4g', 'sodium_mg': '76mg'}",3.18,
Paahdettu maapähkinä,Alesto,20615420,openfoodfacts,2025-09-12T17:30:18.351562+00:00,nut,nuts-seeds,100.0,626.0,11.1,0.0,5.3,,,24.7,51.8,16.0,"roasted peanuts, ingredients: peanut kernels, sunflower oil, may contain nuts vestyglos,","{'carbs_g': '11.1g', 'fiber_g': '0g', 'sugar_g': '5.3g', 'added_sugar_g': 'not listed', 'sugar_alcohols_g': 'not listed', 'protein_g': '24.7g', 'fat_g': '51.8g', 'sodium_mg': '16mg'}",11.1,
Bran Flakes,Crownfield,20621483,openfoodfacts,2025-09-09T20:06:05.032327,cereal,cereal,50.0,181.0,33.1,8.6,6.6,,,5.55,1.0,126.0,"80% Shredded Wholegrain Wheat, 16% Wheat Bran, Sugar, Barley Malt Extract, Salt, Honey.","{'carbs_g': '33.1g', 'fiber_g': '8.6g', 'sugar_g': '6.6g', 'added_sugar_g': 'not listed', 'sugar_alcohols_g': 'not listed', 'protein_g': '5.5g', 'fat_g': '1.0g', 'sodium_mg': '126mg'}",24.5,
Almonds,Alesto,20724696,openfoodfacts,2025-09-12T17:28:52.671774+00:00,nut,nuts-seeds,30.0,186.3,1.4,3.6,1.4,,,7.4,16.0,1.2,shelled almonds,"{'carbs_g': '1.4g', 'fiber_g': '3.6g', 'sugar_g': '1.4g', 'added_sugar_g': 'not listed', 'sugar_alcohols_g': 'not listed', 'protein_g': '7.4g', 'fat_g': '16.0g', 'sodium_mg': '1mg'}",0.0,
2077633736963,,2077633736963,openfoodfacts,2025-09-09T20:03:57.346835,grain,quinoa,100.0,0.0,,,,,,,,0.0,,"{'carbs_g': 'not listed', 'fiber_g': 'not listed', 'sugar_g': 'not listed', 'added_sugar_g': 'not listed', 'sugar_alcohols_g': 'not listed', 'protein_g': 'not listed', 'fat_g': 'not listed', 'sodium_mg': '0mg'}",0.0,
Walnuts XXL,Alesto,20816438,openfoodfacts,2025-09-12T17:31:49.662093+00:00,nut,nuts-seeds,100.0,712.0,3.7,6.8,3.0,,,15.5,69.1,8.0,_Noix_. Peut contenir des traces d'autres fruits à coque et d'arachides.,"{'carbs_g': '3.7g', 'fiber_g': '6.8g', 'sugar_g': '3.0g', 'added_sugar_g': 'not listed', 'sugar_alcohols_g': 'not listed', 'protein_g': '15.5g', 'fat_g': '69.1g', 'sodium_mg': '8mg'}",0.0,
Nuts Royal,Alesto,20816445,openfoodfacts,2025-09-12T17:33:28.485670+00:00,nut,nuts-seeds,100.0,646.0,6.4,8.5,4.2,,,20.4,58.0,4.0,"25% Walnuts, 25% Hazelnuts, 25% Cashews, 25% Blanched Almonds","{'carbs_g': '6.4g', 'fiber_g': '8.5g', 'sugar_g': '4.2g', 'added_sugar_g': 'not listed', 'sugar_alcohols_g': 'not listed', 'protein_g': '20.4g', 'fat_g': '58.0g', 'sodium_mg': '4mg'}",0.0,
Burger Buns,Prime Burger,20836573,openfoodfacts,2025-09-09T20:09:00.022272,cereal,cereal,80.0,242.0,36.9,3.68,5.6,,,7.76,6.16,384.0,"44% farine de blé, eau, levure, farine de malt de blé, sucre, huile de colza, 3,3% graines de lin, 2,3% graines de tournesol, flocons d'avoine, sel, dextrose, gruau de seigle complet, gruau de blé, farine de malt d'orge, gluten de blé, levain de blé déshydraté (farine de blé, ferments), correcteur d'acidité : acétates de sodium ; émulsifiant : esters monoacétyltartriques et diacéthyltartriques des mono - et diglycérides d'acides gras : 0,94% alcool.","{'carbs_g': '36.9g', 'fiber_g': '3.7g', 'sugar_g': '5.6g', 'added_sugar_g': 'not listed', 'sugar_alcohols_g': 'not listed', 'protein_g': '7.8g', 'fat_g': '6.2g', 'sodium_mg': '384mg'}",33.22,
mac & cheese original flavor,Kraft,21000658831,openfoodfacts,2025-09-09T20:04:19.262058,grain,pasta-noodles,70.0,250.0,49.0,1.0,7.0,0.0,,9.0,2.0,550.0,"ENRICHED MACARONI (WHEAT FLOUR, DURUM FLOUR, NIACIN, FERROUS SULFATE [IRON], THIAMIN MONONITRATE [VITAMIN B1], RIBOFLAVIN [VITAMIN B2], FOLIC ACID), CHEESE SAUCE MIX (WHEY, MILKFAT, SALT, MILK PROTEIN CONCENTRATE, SODIUM TRIPHOSPHATE, TAPIOCA FLOUR, CITRIC ACID, CALCIUM PHOSPHATE, SODIUM PHOSPHATE, LACTIC ACID, PAPRIKA, TURMERIC, ANNATTO, CHEESE CULTURE, ENZYMES)","{'carbs_g': '49.0g', 'fiber_g': '1.0g', 'sugar_g': '7.0g', 'added_sugar_g': '0g', 'sugar_alcohols_g': 'not listed', 'protein_g': '9.0g', 'fat_g': '2.0g', 'sodium_mg': '550mg'}",48.0,
Velveeta Shells & Cheese,Kraft,21000658930,openfoodfacts,2025-09-09T20:05:09.326778,grain,pasta-noodles,100.0,370.0,49.0,1.0,4.0,0.0,,13.0,12.0,860.0,"WHEAT FLOUR, NIACIN, FERROUS SULFATE (IRON), THIAMIN MONONITRATE (VITAMIN B1), RIBOFLAVIN (VITAMIN B2), CHEESE (MILK, CHEESE CULTURE, SALT, ENZYMES), WHEY, CANOLA OIL, CHEDDAR CHEESE CULTURE, SALT, ENZYMES, WHEY PROTEIN CONCENTRATE, MILK, SODIUM PHOSPHATE, LACTIC ACID, SODIUM ALGINATE, SORBIC ACID AS A PRESERVATIVE, OLEORESIN PAPRIKA (COLOR), ENZYMES, CHEESE CULTURE, ANNATTO EXTRACT (COLOR), MILKFAT, NATURAL FLAVOR.","{'carbs_g': '49.0g', 'fiber_g': '1.0g', 'sugar_g': '4.0g', 'added_sugar_g': '0g', 'sugar_alcohols_g': 'not listed', 'protein_g': '13.0g', 'fat_g': '12.0g', 'sodium_mg': '860mg'}",48.0,
Old-Fashioned Oats,Signature Select,21130282586,openfoodfacts,2025-09-09T20:02:49.508081,grain,oats,40.0,150.0,27.0,4.0,0.0,0.0,,5.0,2.5,0.0,Whole Grain Rolled Oats,"{'carbs_g': '27.0g', 'fiber_g': '4.0g', 'sugar_g': '0g', 'added_sugar_g': '0g', 'sugar_alcohols_g': 'not listed', 'protein_g': '5.0g', 'fat_g': '2.5g', 'sodium_mg': '0mg'}",23.0,
Organic Authentic Italian Lifestyle Spaghetti,P & L Imports,21511137153,openfoodfacts,2025-09-09T20:05:27.122275,grain,pasta-noodles,56.0,210.0,43.0,2.0,2.0,0.0,,6.0,1.0,0.0,Organic wheat semolina,"{'carbs_g': '43.0g', 'fiber_g': '2.0g', 'sugar_g': '2.0g', 'added_sugar_g': '0g', 'sugar_alcohols_g': 'not listed', 'protein_g': '6.0g', 'fat_g': '1.0g', 'sodium_mg': '0mg'}",41.0,
Blueberry Almond Crunch Cereal,Cascadian Farm,21908120232,openfoodfacts,2025-09-09T20:06:33.927969,nut,nuts-seeds,54.0,240.0,36.0,5.0,6.0,0.0,,5.0,10.0,270.0,"Whole Brain Wheat, Rice, Almonds, Date Powder, Whole Grain Oats, Sunflower Oil, Dried Blueberries, Coconut Oil, Sea Salt, Natural Flavor, Vitamin E (mixed tocopherols)","{'carbs_g': '36.0g', 'fiber_g': '5.0g', 'sugar_g': '6.0g', 'added_sugar_g': '0g', 'sugar_alcohols_g': 'not listed', 'protein_g': '5.0g', 'fat_g': '10.0g', 'sodium_mg': '270mg'}",31.0,
Organic Soy,Silk,25293600232,openfoodfacts,2025-09-09T20:10:08.560330,drink,drink,240.0,80.0,4.0,2.0,0.5,,,7.0,4.5,80.0,"Organic Soymilk (Filtered Water, Organic Soybeans), Contains 2% or Less of: Vitamin and Mineral Blend (Calcium Carbonate, Vitamin A Palmitate, Vitamin D2, Riboflavin [B2], Vitamin BIZ), Sea Salt, Gellan Gum, Ascorbic Acid (Vitamin C To Protect Freshness), Natural Flavor.","{'carbs_g': '4.0g', 'fiber_g': '2.0g', 'sugar_g': '0.5g', 'added_sugar_g': 'not listed', 'sugar_alcohols_g': 'not listed', 'protein_g': '7.0g', 'fat_g': '4.5g', 'sodium_mg': '80mg'}",2.0,
Cocktail Peanuts,Kraft Heinz,29000072107,openfoodfacts,2025-09-09T20:07:25.053521,nut,nuts-seeds,28.0,170.0,5.0,2.0,1.0,,,7.0,14.0,100.0,"PEANUTS, PEANUT OIL, SEA SALT.","{'carbs_g': '5.0g', 'fiber_g': '2.0g', 'sugar_g': '1.0g', 'added_sugar_g': 'not listed', 'sugar_alcohols_g': 'not listed', 'protein_g': '7.0g', 'fat_g': '14.0g', 'sodium_mg': '100mg'}",3.0,
"dry, roasted peanuts",Planters,29000073258,openfoodfacts,2025-09-09T20:07:07.427143,nut,nuts-seeds,28.0,170.0,5.0,2.0,2.0,1.0,,7.0,14.0,150.0,"peanuts, contains 2% or less of sea salt, spices (contains celery), dried onion, dried garlic, paprika, natural flavor sugar, cornstarch, gelatin, torula yeast, maltodextrin, dried corn syrup,","{'carbs_g': '5.0g', 'fiber_g': '2.0g', 'sugar_g': '2.0g', 'added_sugar_g': '1.0g', 'sugar_alcohols_g': 'not listed', 'protein_g': '7.0g', 'fat_g': '14.0g', 'sodium_mg': '150mg'}",3.0,
Honey Roasted Peanuts,Planters,29000073456,openfoodfacts,2025-09-09T20:07:09.709855,nut,nuts-seeds,28.0,160.0,7.0,2.0,4.0,2.0,,7.0,13.0,0.085,"PEANUTS, SUGAR, PEANUT OIL, HONEY, CORN SYRUP, SEA SALT, FRUCTOSE, CORN STARCH, XANTHAN GUM.","{'carbs_g': '7.0g', 'fiber_g': '2.0g', 'sugar_g': '4.0g', 'added_sugar_g': '2.0g', 'sugar_alcohols_g': 'not listed', 'protein_g': '7.0g', 'fat_g': '13.0g', 'sodium_mg': '0mg'}",5.0,
Dry Roasted Lightly Salted Peanuts,PLANTERS,29000076501,openfoodfacts,2025-09-09T20:06:55.768343,nut,nuts-seeds,28.0,170.0,5.0,2.0,1.0,0.0,,7.0,14.0,75.0,"PEANUTS, SEA SALT","{'carbs_g': '5.0g', 'fiber_g': '2.0g', 'sugar_g': '1.0g', 'added_sugar_g': '0g', 'sugar_alcohols_g': 'not listed', 'protein_g': '7.0g', 'fat_g': '14.0g', 'sodium_mg': '75mg'}",3.0,
OLD FASHIONED 100% WHOLE GRAIN ROLLED OATS,QUAKER OATS,30000010204,openfoodfacts,2025-09-09T20:06:21.306796,grain,oats,13.0,48.75,8.775,1.3,0.325,0.0,,1.625,0.975,0.0,whole grain rolled oats.,"{'carbs_g': '8.8g', 'fiber_g': '1.3g', 'sugar_g': '0.3g', 'added_sugar_g': '0g', 'sugar_alcohols_g': 'not listed', 'protein_g': '1.6g', 'fat_g': '1.0g', 'sodium_mg': '0mg'}",7.475,
Old Fashioned 100% Whole Grain Oats,Quaker Oats,30000010402,openfoodfacts,2025-09-12T18:35:45.804253+00:00,nut,nuts-seeds,40.0,150.0,27.0,4.0,1.0,,,5.0,3.0,0.0,"whole grain rolled oats,","{'carbs_g': '27.0g', 'fiber_g': '4.0g', 'sugar_g': '1.0g', 'added_sugar_g': 'not listed', 'sugar_alcohols_g': 'not listed', 'protein_g': '5.0g', 'fat_g': '3.0g', 'sodium_mg': '0mg'}",23.0,plant-based-foods-and-beverages|plant-based-foods|breakfasts|cereals-and-potatoes|seeds|cereals-and-their-products|breakfast-cereals|cereal-grains|flakes|cereal-flakes|rolled-flakes|rolled-oats
Quick 1-Minute Oats,Quaker Oats,30000011805,openfoodfacts,2025-09-09T20:06:31.369634,grain,oats,40.0,150.0,27.0,4.0,1.0,0.0,,5.0,3.0,0.0,"whole grain rolled oats,","{'carbs_g': '27.0g', 'fiber_g': '4.0g', 'sugar_g': '1.0g', 'added_sugar_g': '0g', 'sugar_alcohols_g': 'not listed', 'protein_g': '5.0g', 'fat_g': '3.0g', 'sodium_mg': '0mg'}",23.0,
Quick 1-Minute Oats,Quaker Oats,30000012000,openfoodfacts,2025-09-09T20:06:20.514829,grain,oats,40.0,150.0,27.0,4.0,1.0,,,5.0,3.0,0.0,"whole grain rolled oats,","{'carbs_g': '27.0g', 'fiber_g': '4.0g', 'sugar_g': '1.0g', 'added_sugar_g': 'not listed', 'sugar_alcohols_g': 'not listed', 'protein_g': '5.0g', 'fat_g': '3.0g', 'sodium_mg': '0mg'}",23.0,
Steel Cut Oats,Quaker Oats,30000320631,openfoodfacts,2025-09-09T20:02:19.561424,grain,oats,100.0,150.0,27.0,4.0,1.0,,,5.0,3.0,0.0,Steel cut oats.,"{'carbs_g': '27.0g', 'fiber_g': '4.0g', 'sugar_g': '1.0g', 'added_sugar_g': 'not listed', 'sugar_alcohols_g': 'not listed', 'protein_g': '5.0g', 'fat_g': '3.0g', 'sodium_mg': '0mg'}",23.0,
Steel Cut Oats Quick,Quaker,30000320938,openfoodfacts,2025-09-09T20:02:18.002944,grain,oats,45.0,170.0,31.0,4.0,2.0,,,6.0,3.0,0.0,Whole grain steel cut oats,"{'carbs_g': '31.0g', 'fiber_g': '4.0g', 'sugar_g': '2.0g', 'added_sugar_g': 'not listed', 'sugar_alcohols_g': 'not listed', 'protein_g': '6.0g', 'fat_g': '3.0g', 'sodium_mg': '0mg'}",27.0,
Old Fashioned 100% Whole Grain Rolled Oats,Quaker Oats,30000410004,openfoodfacts,2025-09-12T18:38:46.352183+00:00,nut,nuts-seeds,40.0,150.0,27.0,4.0,,0.0,,5.0,3.0,0.0,"whole grain rolled oats,","{'carbs_g': '27.0g', 'fiber_g': '4.0g', 'sugar_g': 'not listed', 'added_sugar_g': '0g', 'sugar_alcohols_g': 'not listed', 'protein_g': '5.0g', 'fat_g': '3.0g', 'sodium_mg': '0mg'}",23.0,plant-based-foods-and-beverages|plant-based-foods|breakfasts|cereals-and-potatoes|seeds|cereals-and-their-products|breakfast-cereals|cereal-grains|flakes|cereal-flakes|rolled-flakes|rolled-oats|oat
Pain grillé au blé complet,LU Pelletier,3017760542890,openfoodfacts,2025-09-12T17:50:31.470313+00:00,cereal,cereal,6.0,161.0,29.5,2.12,1.08,0.0,,4.99,2.04,300.0,"wheat flour 87.9%, whole wheat flour 13.3%, yeast, palm oil, glucose-fructose syrup, salt, malted wheat flour, flour processing agent (ascorbic acid), acidifying (lactic acid), rye flour, wheat ferments,","{'carbs_g': '29.5g', 'fiber_g': '2.1g', 'sugar_g': '1.1g', 'added_sugar_g': '0g', 'sugar_alcohols_g': 'not listed', 'protein_g': '5.0g', 'fat_g': '2.0g', 'sodium_mg': '300mg'}",27.38,
Honey Roasted Sunflower Kernels,Salad Pizazz!,30243696258,openfoodfacts,2025-09-12T18:33:27.972549+00:00,nut,nuts-seeds,100.0,571.42857142857,28.571428571429,14.285714285714,14.285714285714,,,14.285714285714,42.857142857143,357.14285714286,"6 cups Butter Lettuce (or 1 bag), 2 scallions (white & light green parts only) thinly sliced, 3-4 radishes sliced, 1 large avocado (sliced), 1½ cup Salad Pizazz!® Honey Roasted Sunflower Kernels, Dressing:, 1/4 cup apple cider vinegar, 1/4 cup olive oil, 1 tablespoon pure maple syrup, 1/4 teaspoon Dijon mustard, 1 clove garlic, Sunflower Kernels, Honey Coating (Cane Sugar, Maltodextrin, Honey, Corn Flour, Silicon Dioxide, Xanthan Gum), Sunflower Oil, Salt.","{'carbs_g': '28.6g', 'fiber_g': '14.3g', 'sugar_g': '14.3g', 'added_sugar_g': 'not listed', 'sugar_alcohols_g': 'not listed', 'protein_g': '14.3g', 'fat_g': '42.9g', 'sodium_mg': '357mg'}",14.285714285715,plant-based-foods-and-beverages|plant-based-foods|seeds|sunflower-seeds-and-their-products|sunflower-seeds|nuts-and-seeds
14 Maxi Tranches complet sans sucres ajoutés,Jacquet,3029330022428,openfoodfacts,2025-09-12T17:48:27.790057+00:00,cereal,cereal,39.3,95.5,16.5,2.59,1.49,,,3.42,1.18,189.0,"Ingrédients: Farine complète de blé (63%), eau, farine de blé (2,2%), huile de colza, levure, arôme naturel (contient alcool), sel, farine de maïs fermentée, gluten de blé, jus d'acérola en poudre. Présence possible de: Lait, œufs, graines de sésame.","{'carbs_g': '16.5g', 'fiber_g': '2.6g', 'sugar_g': '1.5g', 'added_sugar_g': 'not listed', 'sugar_alcohols_g': 'not listed', 'protein_g': '3.4g', 'fat_g': '1.2g', 'sodium_mg': '189mg'}",13.91,
penne rigate,panzani,3038350013804,openfoodfacts,2025-09-09T20:05:07.792173,grain,pasta-noodles,100.0,361.0,72.0,3.6,3.7,,,12.0,2.0,0.0,100% Semoule de BLÉ dur de qualité supérieure. Peut contenir du soja et de la moutarde. Si le numéro de lot contient la lettre N: peut contenir de l'œuf.,"{'carbs_g': '72.0g', 'fiber_g': '3.6g', 'sugar_g': '3.7g', 'added_sugar_g': 'not listed', 'sugar_alcohols_g': 'not listed', 'protein_g': '12.0g', 'fat_g': '2.0g', 'sodium_mg': '0mg'}",68.4,
Le Fruit - Orange sans pulpe,Joker,3123340008288,openfoodfacts,2025-09-09T20:09:53.535703,drink,drink,150.0,63.0,13.0,0.0,13.0,,,0.9,0.0,6.0,"Jus d'orange à base de jus concentré 100%, vitamine C.","{'carbs_g': '13.0g', 'fiber_g': '0g', 'sugar_g': '13.0g', 'added_sugar_g': 'not listed', 'sugar_alcohols_g': 'not listed', 'protein_g': '0.9g', 'fat_g': '0g', 'sodium_mg': '6mg'}",13.0,
Bénénuts cacahuètes grillées & salées,Bénénuts,3168930007340,openfoodfacts,2025-09-09T20:06:53.422073,nut,nuts-seeds,30.0,189.0,1.74,2.31,1.44,,,8.1,16.2,120.0,"peanuts, sunflower oil, salt,","{'carbs_g': '1.7g', 'fiber_g': '2.3g', 'sugar_g': '1.4g', 'added_sugar_g': 'not listed', 'sugar_alcohols_g': 'not listed', 'protein_g': '8.1g', 'fat_g': '16.2g', 'sodium_mg': '120mg'}",0.0,
Pain de mie longue conservation,Harrys,3228850006035,openfoodfacts,2025-09-09T20:08:28.098689,cereal,cereal,31.0,87.7,15.6,1.15,2.02,,,2.79,1.33,155.0,"wheat flour 66.5%, water, rapeseed oil, sugar, wheat gluten, yeast, flavoring (contains alcohol), salt, vinegar, preservative: calcium propionate, bean flour, aceerula extract, may contain traces of egg, soy, milk, nuts, sesame seeds,","{'carbs_g': '15.6g', 'fiber_g': '1.1g', 'sugar_g': '2.0g', 'added_sugar_g': 'not listed', 'sugar_alcohols_g': 'not listed', 'protein_g': '2.8g', 'fat_g': '1.3g', 'sodium_mg': '155mg'}",14.45,
100% mie complet 500g,Harrys,3228857000166,openfoodfacts,2025-09-12T17:50:00.505041+00:00,cereal,cereal,25.0,62.5,10.5,1.62,1.38,,,1.88,1.07,110.0,"flour full of wheat, and 37%, water, wheat flour, rapeseed oil, sugar, salt, flavour (contains alcohol), wheat gluten, rye flour and malted, yeast, vinegar, extract of acerola, may contain traces of eggs, soya, milk, nuts, sesame seeds,","{'carbs_g': '10.5g', 'fiber_g': '1.6g', 'sugar_g': '1.4g', 'added_sugar_g': 'not listed', 'sugar_alcohols_g': 'not listed', 'protein_g': '1.9g', 'fat_g': '1.1g', 'sodium_mg': '110mg'}",8.879999999999999,
Harrys pain de mie 100% mie nature sans croute 500g,Harrys,3228857000852,openfoodfacts,2025-09-12T17:50:33.706007+00:00,cereal,cereal,25.0,66.0,12.0,1.0,1.75,,,1.75,1.0,110.0,"wheat flour 63%, water, sugar, rapeseed oil, salt, vinegar, yeast, flour of beans, wheat gluten, flavor (contains alcohol), extract of acerola, may contain traces of eggs, soya, milk, fruit shell, sesame seeds,","{'carbs_g': '12.0g', 'fiber_g': '1.0g', 'sugar_g': '1.8g', 'added_sugar_g': 'not listed', 'sugar_alcohols_g': 'not listed', 'protein_g': '1.8g', 'fat_g': '1.0g', 'sodium_mg': '110mg'}",11.0,
Harrys brioche tressee nature au sucre perle sans additifs 500g,Harrys,3228857001231,openfoodfacts,2025-09-12T17:49:59.583518+00:00,cereal,cereal,50.0,178.0,24.5,2.25,6.5,,,4.3,6.5,160.0,"wheat flour 52%, eggs 12%, water, rapeseed oil 11%, sugar 9%, glucose-fructose syrup, sugar beaded 2,4% (sugar, vegetable fat : shea butter, aroma), wheat gluten, yeast, flavourings including orange flower (contains alcohol), vegetable extracts for coloring (turmeric, paprika), salt, fiber of wheat, flour, malted barley extract, acerola, may contain traces of soy, milk, fruits nuts and sesame seeds,","{'carbs_g': '24.5g', 'fiber_g': '2.2g', 'sugar_g': '6.5g', 'added_sugar_g': 'not listed', 'sugar_alcohols_g': 'not listed', 'protein_g': '4.3g', 'fat_g': '6.5g', 'sodium_mg': '160mg'}",22.25,
Brioche moins de sucre,Harrys,3228857001378,openfoodfacts,2025-09-12T17:50:29.640694+00:00,cereal,cereal,27.0,88.3,12.2,1.94,2.51,,,2.27,2.97,108.0,"Farine de BLÉ 52,5%, eau, OEUFS frais 9%, huile de colza, sucre 8,5%, arôme (contient alcool), fibres (BLÉ, AVOINE), gluten de BLÉ, levure, sel, extraits végétaux à pouvoir colorant (curcuma, paprika), extrait d'acérola. Peut contenir des traces de LAIT, SOJA, FRUITS A COQUE, GRAINES DE SÉSAME.","{'carbs_g': '12.2g', 'fiber_g': '1.9g', 'sugar_g': '2.5g', 'added_sugar_g': 'not listed', 'sugar_alcohols_g': 'not listed', 'protein_g': '2.3g', 'fat_g': '3.0g', 'sodium_mg': '108mg'}",10.26,
Harrys pain de mie extra moelleux complet sans sucres ajoutés 500g,Harrys,3228857001491,openfoodfacts,2025-09-09T20:08:40.367177,cereal,cereal,41.7,112.0,19.2,2.5,2.13,,,3.63,1.71,200.0,"Farine complète de _blé_ (44 %), eau, farine de blé, huile de colza, levure, arôme (contient alcool), sel, vinaigre, gluten de _blé_, extrait d'acérioa","{'carbs_g': '19.2g', 'fiber_g': '2.5g', 'sugar_g': '2.1g', 'added_sugar_g': 'not listed', 'sugar_alcohols_g': 'not listed', 'protein_g': '3.6g', 'fat_g': '1.7g', 'sodium_mg': '200mg'}",16.7,
Pain de mie complet sans croute 500g,U,3256221848854,openfoodfacts,2025-09-09T20:09:05.837200,cereal,cereal,8.0,56.9,9.76,1.31,1.67,,,1.93,0.833,95.2,"Farine complète de BLÉ (France) 58 %, eau, sucre, levure, huile de colza, GLUTEN DE BLÉ, sel, vinaigre d'alcool, farine de BLÉ, émulsifiant : mono - et diglycérides d acides gras, conservateur : propionate de calcium, agent de traitement de la farine : acide ascorbique.","{'carbs_g': '9.8g', 'fiber_g': '1.3g', 'sugar_g': '1.7g', 'added_sugar_g': 'not listed', 'sugar_alcohols_g': 'not listed', 'protein_g': '1.9g', 'fat_g': '0.8g', 'sodium_mg': '95mg'}",8.45,
Menguy's Beurre de cacahuètes creamy,Menguy's,3327272107259,openfoodfacts,2025-09-12T17:29:18.128912+00:00,nut,nuts-seeds,100.0,629.0,12.0,6.7,8.7,,,25.0,52.0,344.0,"roasted peanuts of the americas 86%, vegetable butter (salt, cocoa), sugar, salt,","{'carbs_g': '12.0g', 'fiber_g': '6.7g', 'sugar_g': '8.7g', 'added_sugar_g': 'not listed', 'sugar_alcohols_g': 'not listed', 'protein_g': '25.0g', 'fat_g': '52.0g', 'sodium_mg': '344mg'}",5.3,
Menguy's Beurre de cacahuètes crunchy,Menguy's,3327272107266,openfoodfacts,2025-09-12T17:30:53.330690+00:00,nut,nuts-seeds,100.0,629.0,12.0,6.7,8.5,,,25.0,52.0,292.0,"CACAHUETES 87%, beurre végétal (sal, cacao), sucre, sel. Traces éventuelles de fruits à coque, soja et gluten de blé.","{'carbs_g': '12.0g', 'fiber_g': '6.7g', 'sugar_g': '8.5g', 'added_sugar_g': 'not listed', 'sugar_alcohols_g': 'not listed', 'protein_g': '25.0g', 'fat_g': '52.0g', 'sodium_mg': '292mg'}",5.3,
Menguy's Peanut 100%,Menguy's,3327272107969,openfoodfacts,2025-09-12T17:29:16.988035+00:00,nut,nuts-seeds,100.0,610.0,13.0,7.0,6.2,,,28.0,48.0,20.0,Cacahuetes 100%,"{'carbs_g': '13.0g', 'fiber_g': '7.0g', 'sugar_g': '6.2g', 'added_sugar_g': 'not listed', 'sugar_alcohols_g': 'not listed', 'protein_g': '28.0g', 'fat_g': '48.0g', 'sodium_mg': '20mg'}",6.0,
LIGHT RYE CRISPBREAD SWEDISH STYLE,wasa,33617322616,openfoodfacts,2025-09-12T18:51:07.572026+00:00,bread,bread,18.0,60.0,15.0,4.0,,,,2.0,0.0,70.0,"WHOLE GRAIN RYE FLOUR, SALT.","{'carbs_g': '15.0g', 'fiber_g': '4.0g', 'sugar_g': 'not listed', 'added_sugar_g': 'not listed', 'sugar_alcohols_g': 'not listed', 'protein_g': '2.0g', 'fat_g': '0g', 'sodium_mg': '70mg'}",11.0,plant-based-foods-and-beverages|plant-based-foods|cereals-and-potatoes|breads|crispbreads|crispbreads-wholemeal
Biscottes 6 Céréales,Heudebert,3392460480827,openfoodfacts,2025-09-12T17:50:07.286958+00:00,cereal,cereal,44.1,177.0,29.5,2.21,1.5,,,5.73,3.44,282.0,"Céréales 93 % (farine de BLÉ 79,4 %, flocons de BLÉ malté 4,4 %, flocons d'AVOINE 1,7 %, farine d'ORGE malté 1,5 %, farine de SEIGLE 1,2 %, semoule de BLÉ 1,2 %, farine d'ORGE 1,2 %, farine de sarrasin 1,2 %, farine de riz 1,2 %), levure, graines de lin 3,6 %, graines de SÉSAME 3,4 %, huile de palme, sirop de glucose-fructose, sel, gluten de BLÉ, sucre, agent de traitement de la farine (acide ascorbique), émulsifiants (E 471, E 481), amidon de BLÉ.","{'carbs_g': '29.5g', 'fiber_g': '2.2g', 'sugar_g': '1.5g', 'added_sugar_g': 'not listed', 'sugar_alcohols_g': 'not listed', 'protein_g': '5.7g', 'fat_g': '3.4g', 'sodium_mg': '282mg'}",27.29,
Amandes grillées sans sel,maître prunille,3502490099177,openfoodfacts,2025-09-12T17:31:15.603867+00:00,drink,drink,30.0,191.0,1.62,2.79,1.35,,,7.5,16.5,0.0,_Amandes_ décortiquées grillées,"{'carbs_g': '1.6g', 'fiber_g': '2.8g', 'sugar_g': '1.4g', 'added_sugar_g': 'not listed', 'sugar_alcohols_g': 'not listed', 'protein_g': '7.5g', 'fat_g': '16.5g', 'sodium_mg': '0mg'}",0.0,
Haricots blancs,Marque Repère,3564700737927,openfoodfacts,2025-09-12T18:38:45.772868+00:00,nut,nuts-seeds,100.0,75.0,10.0,5.0,0.8,,,5.0,0.6,336.0,"Eau, haricots blancs secs trempés, sel, arôme naturel.","{'carbs_g': '10.0g', 'fiber_g': '5.0g', 'sugar_g': '0.8g', 'added_sugar_g': 'not listed', 'sugar_alcohols_g': 'not listed', 'protein_g': '5.0g', 'fat_g': '0.6g', 'sodium_mg': '336mg'}",5.0,plant-based-foods-and-beverages|plant-based-foods|legumes-and-their-products|canned-foods|legumes|seeds|canned-plant-based-foods|legume-seeds|pulses|common-beans|canned-legumes|white-beans|canned-common-beans
wholemeal sourdough bread,Taste the difference,363167,openfoodfacts,2025-09-12T18:48:59.951896+00:00,bread,bread,45.0,116.0,19.1,2.07,1.17,,,4.91,1.8,175.0,"wholemeal british _wheat_ flour, water, rapseed oil, sea salt, _wheat_ gluten, extra virgin olive oil 1%, _soya_ flour, fermented _wheat_ flour, fortified wheat flour (wheat flour, calcium carbonate, iron, niacin, thiamin), _wheat_ flour, flour treatment agent:ascorbic acid.","{'carbs_g': '19.1g', 'fiber_g': '2.1g', 'sugar_g': '1.2g', 'added_sugar_g': 'not listed', 'sugar_alcohols_g': 'not listed', 'protein_g': '4.9g', 'fat_g': '1.8g', 'sodium_mg': '175mg'}",17.03,plant-based-foods-and-beverages|plant-based-foods|cereals-and-potatoes|breads|sliced-breads|wholemeal-breads|wholemeal-sliced-breads
Honey Nut Toasted Oats Cereal,Full Circle,36800422117,openfoodfacts,2025-09-09T20:02:40.335682,nut,nuts-seeds,28.0,109.0,22.5,2.05,7.51,,,2.73,1.37,95.6,"Organic whole grain oats, organic cane sugar, organic rice, organic honey, organic almonds, sea salt, calcium carbonate, tocopherols (antioxidants to maintain freshness).","{'carbs_g': '22.5g', 'fiber_g': '2.0g', 'sugar_g': '7.5g', 'added_sugar_g': 'not listed', 'sugar_alcohols_g': 'not listed', 'protein_g': '2.7g', 'fat_g': '1.4g', 'sodium_mg': '96mg'}",20.45,
Pain De Mie Bio,La Boulangère,3760049790214,openfoodfacts,2025-09-12T17:48:50.332949+00:00,cereal,cereal,35.7,95.7,16.8,1.75,2.25,,,2.89,1.5,157.0,"wheat flour*, water, whole wheat flour* 13%, brown cane sugar*, yeast, rapeseed oil*, apple cider vinegar*, wheat bran*, salt, wheat gluten*, ascorbic acid, possible traces of soy","{'carbs_g': '16.8g', 'fiber_g': '1.8g', 'sugar_g': '2.2g', 'added_sugar_g': 'not listed', 'sugar_alcohols_g': 'not listed', 'protein_g': '2.9g', 'fat_g': '1.5g', 'sodium_mg': '157mg'}",15.05,
Pain de mie grandes tranches Toastiligne complet,la boulangère,3760049790252,openfoodfacts,2025-09-12T17:50:44.716907+00:00,cereal,cereal,38.4,86.8,15.0,2.38,1.08,,,3.84,0.73,151.0,"whole wheat flour, water, wheat gluten, yeast, salt, wheat flour, vinegar, calcium propionate preservative, mono - and diglycerides emulsifier (of plant origin), ascorbic acid, fair trade ingredients","{'carbs_g': '15.0g', 'fiber_g': '2.4g', 'sugar_g': '1.1g', 'added_sugar_g': 'not listed', 'sugar_alcohols_g': 'not listed', 'protein_g': '3.8g', 'fat_g': '0.7g', 'sodium_mg': '151mg'}",12.62,
Tartines campagne 450g,La boulangere,3760049791006,openfoodfacts,2025-09-12T17:49:14.307384+00:00,cereal,cereal,37.5,103.0,16.1,1.46,0.975,,,3.34,2.44,180.0,"Farine de BLÉ* 57 %, eau, huile de colza, GLUTEN DE BLÉ, levure, semoule de BLÉ dur, levains de BLÉ dévitalisés, sel, arôme naturel (contient alcool), conservateur : propionate de calcium, farine de SEIGLE, farine d'ORGE maltée torréfiée, levure désactivée, farine de BLÉ malté torréfié, antioxydant : acide ascorbique. Traces éventuelles d'œufs, soja et lait.* Ingrédient issu du commerce équitable français.","{'carbs_g': '16.1g', 'fiber_g': '1.5g', 'sugar_g': '1.0g', 'added_sugar_g': 'not listed', 'sugar_alcohols_g': 'not listed', 'protein_g': '3.3g', 'fat_g': '2.4g', 'sodium_mg': '180mg'}",14.64,
Pain de mie Bio grandes tranches céréales & graines 500g,La Boulangère,3760049794298,openfoodfacts,2025-09-12T17:50:30.852770+00:00,cereal,cereal,35.7,107.0,16.4,1.89,2.0,,,3.14,2.82,171.0,"wheat flour 54%, water, rapeseed oil, yeast, red cane sugar, shelled sunflower seeds 3.3%, cider vinegar, brown flaxseed 2.7%, wheat flakes - 2.7%, rye flour - 1.6%, shelled millet seeds 1.6%, wheat gluten, salt, roasted malted barley flour - 0.3%, flour processing agent: ascorbic acid,","{'carbs_g': '16.4g', 'fiber_g': '1.9g', 'sugar_g': '2.0g', 'added_sugar_g': 'not listed', 'sugar_alcohols_g': 'not listed', 'protein_g': '3.1g', 'fat_g': '2.8g', 'sodium_mg': '171mg'}",14.509999999999998,
Pain de mie grandes tranches Seigle & Graines 500g,La Boulangère,3760049798609,openfoodfacts,2025-09-12T17:48:15.742387+00:00,cereal,cereal,35.7,106.0,13.2,2.57,1.5,,,4.28,3.43,137.0,"wheat flour* 41%, water, brown flax seeds 6,1%, yellow flax seeds 6,1%, hulled sunflower seeds 6%, rye flour 5,1%, wheat gluten, roasted malted barley flour, yeast, barley malt extract, salt, vinegar, natural flavouring (contains alcohol), preservative: calcium propionate, antioxidant: acerola extract, possible traces of eggs, milk, sesame seeds, soya and mustard, * ingredient from french fair trade,","{'carbs_g': '13.2g', 'fiber_g': '2.6g', 'sugar_g': '1.5g', 'added_sugar_g': 'not listed', 'sugar_alcohols_g': 'not listed', 'protein_g': '4.3g', 'fat_g': '3.4g', 'sodium_mg': '137mg'}",10.63,
Cereal,Kellogg's,38000001208,openfoodfacts,2025-09-09T20:06:41.799841,cereal,cereal,42.0,150.0,36.0,1.0,4.0,4.0,,3.0,0.0,300.0,"Milled corn, sugar, malt flavor, contains 2% or less of salt. bht added to packaging for freshness. vitamins and minerals: iron, vitamin c (sodium ascorbate, ascorbic acid), niacinamide, vitamin b6 (pyridoxine hydrochloride), vitamin b2 (riboflavin), vitamin b1 (thiamin hydrochloride), vitamin a palmitate, folic acid, vitamin d, vitamin b12.","{'carbs_g': '36.0g', 'fiber_g': '1.0g', 'sugar_g': '4.0g', 'added_sugar_g': '4.0g', 'sugar_alcohols_g': 'not listed', 'protein_g': '3.0g', 'fat_g': '0g', 'sodium_mg': '300mg'}",35.0,
Organic Oatmeal Classic with Flax & Chia imp,Bob's Red Mill,39978008046,openfoodfacts,2025-09-09T20:02:37.423015,grain,oats,51.0,200.0,33.0,6.02,1.0,,,7.0,4.5,0.15,"Organic whole grain oats, organic chia seed, organic flaxseed, salt.","{'carbs_g': '33.0g', 'fiber_g': '6.0g', 'sugar_g': '1.0g', 'added_sugar_g': 'not listed', 'sugar_alcohols_g': 'not listed', 'protein_g': '7.0g', 'fat_g': '4.5g', 'sodium_mg': '0mg'}",26.98,
Organic Tri-color Quinoa,Bob's Red Mill,39978009463,openfoodfacts,2025-09-09T20:03:50.436618,grain,quinoa,48.0,180.0,34.0,3.98,0.998,,,6.0,2.0,0.0,Organic whole grain quinoa,"{'carbs_g': '34.0g', 'fiber_g': '4.0g', 'sugar_g': '1.0g', 'added_sugar_g': 'not listed', 'sugar_alcohols_g': 'not listed', 'protein_g': '6.0g', 'fat_g': '2.0g', 'sodium_mg': '0mg'}",30.02,
Organic Quick Cooking Steel Cut Oats,Bob's Red Mill,39978009616,openfoodfacts,2025-09-09T20:02:50.276569,grain,oats,36.0,50.4,9.0,1.44,0.0,0.0,,1.44,0.9,0.0,Organic Whole Grain Oats.,"{'carbs_g': '9.0g', 'fiber_g': '1.4g', 'sugar_g': '0g', 'added_sugar_g': '0g', 'sugar_alcohols_g': 'not listed', 'protein_g': '1.4g', 'fat_g': '0.9g', 'sodium_mg': '0mg'}",7.56,
QUICK COOKING ROLLED OATS,Bob's Red Mill,39978033765,openfoodfacts,2025-09-09T20:02:12.563012,grain,oats,100.0,400.0,68.8888888888889,8.88888888888889,2.22222222222222,0.0,,13.3333333333333,6.66666666666667,0.0,gluten free Whole Grain Oats,"{'carbs_g': '68.9g', 'fiber_g': '8.9g', 'sugar_g': '2.2g', 'added_sugar_g': '0g', 'sugar_alcohols_g': 'not listed', 'protein_g': '13.3g', 'fat_g': '6.7g', 'sodium_mg': '0mg'}",60.000000000000014,
Organic steel cut oats,Bob's Red Mill,39978039576,openfoodfacts,2025-09-09T20:02:15.747214,grain,oats,44.0,170.0,31.0,4.0,1.0,0.0,,4.0,3.5,0.0,Organic whole grain oats.,"{'carbs_g': '31.0g', 'fiber_g': '4.0g', 'sugar_g': '1.0g', 'added_sugar_g': '0g', 'sugar_alcohols_g': 'not listed', 'protein_g': '4.0g', 'fat_g': '3.5g', 'sodium_mg': '0mg'}",27.0,
Organic Quick Cooking Steel Cut Oats,Bob’s Red Mill,39978039606,openfoodfacts,2025-09-09T20:02:21.884531,grain,oats,36.0,140.0,25.0,4.0,0.0,,,4.0,2.5,0.0,Organic whole grain oats.,"{'carbs_g': '25.0g', 'fiber_g': '4.0g', 'sugar_g': '0g', 'added_sugar_g': 'not listed', 'sugar_alcohols_g': 'not listed', 'protein_g': '4.0g', 'fat_g': '2.5g', 'sodium_mg': '0mg'}",21.0,
Scottish Oatmeal,Bob's Red Mill,39978041210,openfoodfacts,2025-09-09T20:02:46.240380,grain,oats,36.0,140.0,26.0,2.99,0.0,,,4.0,2.0,0.0,Whole grain oats.,"{'carbs_g': '26.0g', 'fiber_g': '3.0g', 'sugar_g': '0g', 'added_sugar_g': 'not listed', 'sugar_alcohols_g': 'not listed', 'protein_g': '4.0g', 'fat_g': '2.0g', 'sodium_mg': '0mg'}",23.01,
Steel Cut Oats,Bob's Red Mill,39978041401,openfoodfacts,2025-09-09T20:02:13.340012,grain,oats,44.0,169.84,31.02,5.0,0.999,,,5.016,2.5,0.0,Whole Grain Oats,"{'carbs_g': '31.0g', 'fiber_g': '5.0g', 'sugar_g': '1.0g', 'added_sugar_g': 'not listed', 'sugar_alcohols_g': 'not listed', 'protein_g': '5.0g', 'fat_g': '2.5g', 'sodium_mg': '0mg'}",26.02,
Organic Whole Grain Rolled Oats,Bob's Red Mill,39978049520,openfoodfacts,2025-09-09T20:06:27.151173,grain,oats,48.0,180.0,33.0,4.0,1.0,0.0,,5.0,3.5,0.0,Organic whole grain oats.,"{'carbs_g': '33.0g', 'fiber_g': '4.0g', 'sugar_g': '1.0g', 'added_sugar_g': '0g', 'sugar_alcohols_g': 'not listed', 'protein_g': '5.0g', 'fat_g': '3.5g', 'sodium_mg': '0mg'}",29.0,
Muesli Whole Grain Cereal,Bob's Red Mill,39978501035,openfoodfacts,2025-09-09T20:06:37.442596,grain,oats,35.0,140.0,23.0,4.0,5.0,,,4.0,3.0,0.0,"WHOLE GRAIN WHEAT, DATE CRUMBLES, SUNFLOWER SEEDS, RAISINS, WHOLE GRAIN RYE, WHOLE GRAIN BARLEY, WHOLE GRAIN OATS, WHOLE GRAIN TRITICALE (WHEAT), FLAXSEED, ALMONDS AND WALNUTS.","{'carbs_g': '23.0g', 'fiber_g': '4.0g', 'sugar_g': '5.0g', 'added_sugar_g': 'not listed', 'sugar_alcohols_g': 'not listed', 'protein_g': '4.0g', 'fat_g': '3.0g', 'sodium_mg': '0mg'}",19.0,
Copos de avena,Brüggen,4008713756661,openfoodfacts,2025-09-09T20:06:04.093680,grain,oats,40.0,150.0,23.6,4.0,0.28,,,5.6,2.8,3.2,oats,"{'carbs_g': '23.6g', 'fiber_g': '4.0g', 'sugar_g': '0.3g', 'added_sugar_g': 'not listed', 'sugar_alcohols_g': 'not listed', 'protein_g': '5.6g', 'fat_g': '2.8g', 'sodium_mg': '3mg'}",19.6,
Nogger das original,Danone,40561219,openfoodfacts,2025-09-09T20:07:49.040661,dessert,ice-cream,67.0,210.0,18.1,,14.7,,,2.41,14.1,37.5,"Entrahmte MILCH, Kokosfett, Zucker, Glukose-Fruktose-Sirup, Wasser, fettarmer HASELNUSS-Stückchen, fettarmer Kakao (3%), WEIZENMEHL, MOLKENERZEUGNIS, Emulatoren (Mono - und Diglyceride von Speisefettsäuren,  Ammoniumphosphatide), Stabilisatoren (Guarkernmehl, Johannesbrotkernmehl, Carrageen), Backtriebmittel (Ammoniumcarbonate), Salz, Aroma (mi MILCH), _Soja_, _Nüsse_, _Erdnuss_","{'carbs_g': '18.1g', 'fiber_g': 'not listed', 'sugar_g': '14.7g', 'added_sugar_g': 'not listed', 'sugar_alcohols_g': 'not listed', 'protein_g': '2.4g', 'fat_g': '14.1g', 'sodium_mg': '38mg'}",18.1,
pain de mie grandes tranches spécial sandwich complet,Maître Jean Pierre,4056489007180,openfoodfacts,2025-09-12T17:49:14.934968+00:00,cereal,cereal,5.0,96.8,16.1,2.36,1.88,,,3.11,1.69,150.0,"61% farine de blé complet, eau, sucre, 3% farine de blé, huile de colza, sel, levure, farine de fève, arôme, alcool","{'carbs_g': '16.1g', 'fiber_g': '2.4g', 'sugar_g': '1.9g', 'added_sugar_g': 'not listed', 'sugar_alcohols_g': 'not listed', 'protein_g': '3.1g', 'fat_g': '1.7g', 'sodium_mg': '150mg'}",13.740000000000002,
Noisettes grillées,Alesto,4056489033042,openfoodfacts,2025-09-12T17:29:31.577463+00:00,nut,nuts-seeds,30.0,217.0,1.05,2.46,1.05,,,4.29,21.1,3.6,roasted hazelnuts,"{'carbs_g': '1.1g', 'fiber_g': '2.5g', 'sugar_g': '1.1g', 'added_sugar_g': 'not listed', 'sugar_alcohols_g': 'not listed', 'protein_g': '4.3g', 'fat_g': '21.1g', 'sodium_mg': '4mg'}",0.0,
Petit Pains Grillés Blé complet,Maître Jean Pierre,4056489039518,openfoodfacts,2025-09-12T17:50:32.573980+00:00,cereal,cereal,100.0,408.0,66.0,6.9,4.2,,,10.0,10.0,400.0,"Farine de _blé_ complet 45%, farine de _blé_ 45%, huile de colza, sucre, levure, sel, gluten de _blé_, agent de traitement de la farine (acide ascorbique)","{'carbs_g': '66.0g', 'fiber_g': '6.9g', 'sugar_g': '4.2g', 'added_sugar_g': 'not listed', 'sugar_alcohols_g': 'not listed', 'protein_g': '10.0g', 'fat_g': '10.0g', 'sodium_mg': '400mg'}",59.1,
Schoko Müsli,Crownfield,4056489255499,openfoodfacts,2025-09-09T20:06:14.002964,grain,oats,50.0,205.0,30.3,4.1,8.75,,,5.6,5.9,18.0,"63% Hafervollkornflocken, Vollmilchschokoladenstücke (Zucker, Kakaomasse*, Vollmilchpulver, Kakaobutter*, Emulgator: Lecithine), Zartbitterschokoladenplättchen (Kakaomasse, Zucker, Kakaobutter*, Emulgator: Lecithine), Reis-Kakao-Extrudat (Reismehl, Zucker, Glukosesirup, fettarmes Kakaopulver*, Speisesalz), Knuspermüsli [Hafervollkornflocken, Zucker, Palmöl, Weizenvollkornflocken, Reis-Extrudat (Reismehl, Zucker, Weizenkleber, Malzmehl (Gerste, Weizen), Speisesalz), Kokosraspel, kakaohaltiges Getränkepulver (Zucker, fettarmes Kakaopulver*, Dextrose, Speisesalz, natürliches Aroma), Glukose-Fruktose-Sirup, natürliches Aroma], 2% Mandeldragee (Zucker, Mandeln, Invertzuckersirup, Karamellzuckersirup). Kann Spuren von anderen Schalenfrüchten, Erdnüssen, Soja, Sesam, Senf und Lupinen enthalten.","{'carbs_g': '30.3g', 'fiber_g': '4.1g', 'sugar_g': '8.8g', 'added_sugar_g': 'not listed', 'sugar_alcohols_g': 'not listed', 'protein_g': '5.6g', 'fat_g': '5.9g', 'sodium_mg': '18mg'}",26.200000000000003,
Crema de cacahuete,Maribel,4056489620938,openfoodfacts,2025-09-12T17:29:30.963761+00:00,nut,nuts-seeds,100.0,683.0,12.0,9.2,3.9,,,30.4,55.0,0.03,100% cacahuètes grillées. Traces éventuelles de soja.,"{'carbs_g': '12.0g', 'fiber_g': '9.2g', 'sugar_g': '3.9g', 'added_sugar_g': 'not listed', 'sugar_alcohols_g': 'not listed', 'protein_g': '30.4g', 'fat_g': '55.0g', 'sodium_mg': '0mg'}",2.8000000000000007,
4061459275735,,4061459275735,openfoodfacts,2025-09-09T20:03:18.652209,grain,rice,100.0,0.0,34.0,,,,,3.0,,0.0,BROWN BASMATI RICE.,"{'carbs_g': '34.0g', 'fiber_g': 'not listed', 'sugar_g': 'not listed', 'added_sugar_g': 'not listed', 'sugar_alcohols_g': 'not listed', 'protein_g': '3.0g', 'fat_g': 'not listed', 'sodium_mg': '0mg'}",34.0,
Almond No Sugars,Acti Leaf,4061459332896,openfoodfacts,2025-09-09T20:09:40.596435,nut,nuts-seeds,250.0,38.0,0.5,0.3,0.0,,,1.5,3.3,130.0,"Water, _Almond_ (2.3%), Minerals (Calcium Citrate), Sea Salt, Stabiliser: Gellan Gum; Vitamins (Riboflavin, Vitamin B12, Vitamin D, Vitamin E).","{'carbs_g': '0.5g', 'fiber_g': '0.3g', 'sugar_g': '0g', 'added_sugar_g': 'not listed', 'sugar_alcohols_g': 'not listed', 'protein_g': '1.5g', 'fat_g': '3.3g', 'sodium_mg': '130mg'}",0.2,
Walnusskerne,August Töpfer,4061461689087,openfoodfacts,2025-09-09T20:07:02.641101,nut,nuts-seeds,30.0,220.0,1.83,1.38,0.81,,,4.83,21.2,0.0,walnut,"{'carbs_g': '1.8g', 'fiber_g': '1.4g', 'sugar_g': '0.8g', 'added_sugar_g': 'not listed', 'sugar_alcohols_g': 'not listed', 'protein_g': '4.8g', 'fat_g': '21.2g', 'sodium_mg': '0mg'}",0.4500000000000002,
Trail-Mix Kerne,Farmer,4061462713910,openfoodfacts,2025-09-12T14:59:40.624923+00:00,nut,nuts-seeds,100.0,622.0,11.0,7.9,4.4,,,25.0,52.0,16.0,"Erdnusskerne, Cashewkerne, 20% geröstete Kürbiskerne, Mandeln, Sonnenblumenöl. Kann Spuren von anderen Schalenfrüchten enthalten.","{'carbs_g': '11.0g', 'fiber_g': '7.9g', 'sugar_g': '4.4g', 'added_sugar_g': 'not listed', 'sugar_alcohols_g': 'not listed', 'protein_g': '25.0g', 'fat_g': '52.0g', 'sodium_mg': '16mg'}",3.0999999999999996,
4061464373990,Simply Nature,4061464373990,openfoodfacts,2025-09-09T20:02:42.758110,grain,oats,40.0,150.0,30.0,3.0,12.0,11.0,,3.0,2.0,180.0,"INGREDIENTS: ORGANIC WHOLE GRAIN ROLLED OATS, ORGANIC CANE SUGAR, ORGANIC MAPLE SUGAR, CONTAINS LESS THAN 2% OF SEA SALT. NATURAL FLAVOR, ORGANIC NATURAL FLAVOR.","{'carbs_g': '30.0g', 'fiber_g': '3.0g', 'sugar_g': '12.0g', 'added_sugar_g': '11.0g', 'sugar_alcohols_g': 'not listed', 'protein_g': '3.0g', 'fat_g': '2.0g', 'sodium_mg': '180mg'}",27.0,
Haferdrink Natur,DmBio,4067796002003,openfoodfacts,2025-09-09T20:10:00.628613,grain,oats,100.0,40.0,6.0,0.5,5.2,,,0.6,1.4,52.0,"Wasser, 11%Vollkornhafer, Sonnenblumenöl, Meersalz","{'carbs_g': '6.0g', 'fiber_g': '0.5g', 'sugar_g': '5.2g', 'added_sugar_g': 'not listed', 'sugar_alcohols_g': 'not listed', 'protein_g': '0.6g', 'fat_g': '1.4g', 'sodium_mg': '52mg'}",5.5,
Seeded Sourdough Bread,Specially Selected,4088600246291,openfoodfacts,2025-09-12T17:49:25.819610+00:00,cereal,cereal,58.0,154.0,24.9,3.19,0.29,,,5.51,2.84,195.0,"Wheat Flour (Wheat Flour, Calcium Carbonate, Iron, Niacin, Thiamin), Water, MIXED SEEDS (10%) (Brown Linseed, Millet Seeds, Golden Linseed, Sunflower Seeds, Poppy Seeds, Pumpkin Seeds), Rye Flour, Malted Wheat, Salt, Wheat Bran, Malted Barley Flour,","{'carbs_g': '24.9g', 'fiber_g': '3.2g', 'sugar_g': '0.3g', 'added_sugar_g': 'not listed', 'sugar_alcohols_g': 'not listed', 'protein_g': '5.5g', 'fat_g': '2.8g', 'sodium_mg': '195mg'}",21.709999999999997,
Mixed Nuts,The Foodie Market,4088600272689,openfoodfacts,2025-09-12T17:31:37.887051+00:00,nut,nuts-seeds,30.0,194.0,1.0,3.2,1.2,,,6.1,17.6,4.0,"ALMONDS 25%, CASHEW NUTS 25%, HAZELNUTS 25%, WALNUTS 25%","{'carbs_g': '1.0g', 'fiber_g': '3.2g', 'sugar_g': '1.2g', 'added_sugar_g': 'not listed', 'sugar_alcohols_g': 'not listed', 'protein_g': '6.1g', 'fat_g': '17.6g', 'sodium_mg': '4mg'}",0.0,
Dark Rye Sourdough,Specially Selected,4088600327587,openfoodfacts,2025-09-12T17:50:01.509882+00:00,cereal,cereal,58.0,136.0,26.2,3.02,0.87,,,4.58,0.754,185.0,"wheat flour (wheat flour, calcium carbonate, iron, niacin, thiamin), rye flour, water, wheat gluten, molasses, salt, malted barley flour,","{'carbs_g': '26.2g', 'fiber_g': '3.0g', 'sugar_g': '0.9g', 'added_sugar_g': 'not listed', 'sugar_alcohols_g': 'not listed', 'protein_g': '4.6g', 'fat_g': '0.8g', 'sodium_mg': '185mg'}",23.18,
Walnut Halves,The Foodie Market,4088600441658,openfoodfacts,2025-09-12T17:32:12.382555+00:00,nut,nuts-seeds,30.0,209.0,1.0,1.1,0.8,,,4.4,20.6,4.0,"Walnut halves, almonds, Brazil nuts, cashew nuts, hazelnuts, macadamia nuts, pecan nuts, pistachio nuts, peanuts, sesame","{'carbs_g': '1.0g', 'fiber_g': '1.1g', 'sugar_g': '0.8g', 'added_sugar_g': 'not listed', 'sugar_alcohols_g': 'not listed', 'protein_g': '4.4g', 'fat_g': '20.6g', 'sodium_mg': '4mg'}",0.0,
Cashew Nuts,The Foodie Market,4088600441672,openfoodfacts,2025-09-12T17:32:12.986113+00:00,nut,nuts-seeds,100.0,583.0,18.1,3.2,4.6,,,17.7,48.2,16.0,"Cashew nuts, almonds, Brazil nuts, hazelnuts, macadamia nuts, pecan nuts, pistachio nuts, walnuts, peanuts, sesame","{'carbs_g': '18.1g', 'fiber_g': '3.2g', 'sugar_g': '4.6g', 'added_sugar_g': 'not listed', 'sugar_alcohols_g': 'not listed', 'protein_g': '17.7g', 'fat_g': '48.2g', 'sodium_mg': '16mg'}",14.900000000000002,
Whole almonds,The Foodie Market,4088600441689,openfoodfacts,2025-09-12T17:33:29.033247+00:00,nut,nuts-seeds,30.0,178.0,2.73,3.75,1.32,,,6.36,15.0,1.2,"Almonds, Brazil nuts, cashews, hazelnuts, macadamia nuts, pecan nuts, pistachio nuts, walnuts, peanuts, sesame.","{'carbs_g': '2.7g', 'fiber_g': '3.8g', 'sugar_g': '1.3g', 'added_sugar_g': 'not listed', 'sugar_alcohols_g': 'not listed', 'protein_g': '6.4g', 'fat_g': '15.0g', 'sodium_mg': '1mg'}",0.0,
Dry Roasted Peanuts,Southern Grove,4099100026771,openfoodfacts,2025-09-09T20:07:25.831489,nut,nuts-seeds,28.0,160.0,6.0,2.0,1.0,,,7.0,14.0,0.0,peanuts,"{'carbs_g': '6.0g', 'fiber_g': '2.0g', 'sugar_g': '1.0g', 'added_sugar_g': 'not listed', 'sugar_alcohols_g': 'not listed', 'protein_g': '7.0g', 'fat_g': '14.0g', 'sodium_mg': '0mg'}",4.0,
Organic Quinoa,Simply Nature,4099100032833,openfoodfacts,2025-09-09T20:03:38.478326,grain,quinoa,45.0,170.0,30.0,4.0,0.0,0.0,,6.0,2.5,0.0,"organic quinoa,","{'carbs_g': '30.0g', 'fiber_g': '4.0g', 'sugar_g': '0g', 'added_sugar_g': '0g', 'sugar_alcohols_g': 'not listed', 'protein_g': '6.0g', 'fat_g': '2.5g', 'sodium_mg': '0mg'}",26.0,
Quinoa,Simply Nature,4099100051902,openfoodfacts,2025-09-09T20:03:43.332204,grain,quinoa,45.0,170.0,29.0,,,,,6.0,2.5,0.0,"organic white quinoa,","{'carbs_g': '29.0g', 'fiber_g': 'not listed', 'sugar_g': 'not listed', 'added_sugar_g': 'not listed', 'sugar_alcohols_g': 'not listed', 'protein_g': '6.0g', 'fat_g': '2.5g', 'sodium_mg': '0mg'}",29.0,
"sharp yellow cheddar cheese, dried cranberries & roasted cashew splits",snack selects,4099100072587,openfoodfacts,2025-09-12T18:33:52.512716+00:00,nut,nuts-seeds,100.0,428.571428571429,23.8095238095238,2.38095238095238,16.6666666666667,14.2857142857143,,16.6666666666667,28.5714285714286,0.452380952380952,"CHEDDAR CHEESE ([CULTURED, PASTEURIZED MILK, SALT, ENZYMES, ANNATTO (VEGETABLE, CELLULOSE]), DRIED CHERRY FLAVORED CRANBERRIES, COLOR)], ANTI-CAKING BLEND [POTATO STARCH, POWDERED, (CRANBERRIES, SUGAR, CHERRY JUICE CONCENTRATE,, NATURAL FLAVORS, SUNFLOWER OIL), ROASTED SEA, AND/OR COTTONSEED OIL,, SALTED CASHEWS (CASHEWS, PEANUT, SEA SALT)., (CASHEWS).","{'carbs_g': '23.8g', 'fiber_g': '2.4g', 'sugar_g': '16.7g', 'added_sugar_g': '14.3g', 'sugar_alcohols_g': 'not listed', 'protein_g': '16.7g', 'fat_g': '28.6g', 'sodium_mg': '0mg'}",21.42857142857142,nuts-and-seeds
New Orleans Style Red Beans and Rice,,4099100076851,openfoodfacts,2025-09-09T20:03:21.877820,grain,rice,100.0,430.7692,72.3077,,1.5385,,,12.3077,2.3077,1369.2308,"enriched parboiled long grain rice (rice, iron phosphate, niacin, thiamin mononitrate, folic acid), red beans, bleached wheat flour (bleached wheat flour, niacin, reduced iron, thiami̇n mononitrate, riboflavin, enzyme, folic acid), pinto beans, salt, dehýdrated vegetables (onion, bell peppers), soy šauce (wheat, soybeans, salt), yeast extract, garlic powder, modified food starch, maltodextrin, caramel color, spices, disodium inosinatę and guanylate, jalapeno powder, extractive of paprika, whey, natural smoke flavor,","{'carbs_g': '72.3g', 'fiber_g': 'not listed', 'sugar_g': '1.5g', 'added_sugar_g': 'not listed', 'sugar_alcohols_g': 'not listed', 'protein_g': '12.3g', 'fat_g': '2.3g', 'sodium_mg': '1369mg'}",72.3077,
Steel Cut Oats,Aldi,4099100078053,openfoodfacts,2025-09-09T20:02:18.793590,grain,oats,40.0,150.0,27.0,4.0,0.0,,,5.0,2.5,0.0,WHOLE GRAIN STEEL CUT OATS,"{'carbs_g': '27.0g', 'fiber_g': '4.0g', 'sugar_g': '0g', 'added_sugar_g': 'not listed', 'sugar_alcohols_g': 'not listed', 'protein_g': '5.0g', 'fat_g': '2.5g', 'sodium_mg': '0mg'}",23.0,
Ready-to-eat Quinoa meal,Aldi,4099100091731,openfoodfacts,2025-09-09T20:03:44.926096,grain,quinoa,100.0,97.777777777778,13.777777777778,,2.2222222222222,,,2.6666666666667,3.5555555555556,222.22222222222,,"{'carbs_g': '13.8g', 'fiber_g': 'not listed', 'sugar_g': '2.2g', 'added_sugar_g': 'not listed', 'sugar_alcohols_g': 'not listed', 'protein_g': '2.7g', 'fat_g': '3.6g', 'sodium_mg': '222mg'}",13.777777777778,
Quinoa Blend,Earthly Grains,4099100094831,openfoodfacts,2025-09-09T20:04:00.470632,grain,rice,100.0,371.42857142857,72.857142857143,,1.4285714285714,,,10.0,5.7142857142857,600.0,"QUINOA, PRECOOKED PARBOILED LONG GRAIN BROWN RICE, MALTODEXTRIN, SUNFLOWER OIL POWDER (SUNFLOWER OIL, MODIFIED CORNSTARCH, MALTODEXTRIN, MIXED TOCOPHEROLS), SALT, GARLIC POWDER, ONION POWDER, SUGAR, BASIL, YEAST EXTRACT, NATURAL FLAVORS, BLACK PEPPER.","{'carbs_g': '72.9g', 'fiber_g': 'not listed', 'sugar_g': '1.4g', 'added_sugar_g': 'not listed', 'sugar_alcohols_g': 'not listed', 'protein_g': '10.0g', 'fat_g': '5.7g', 'sodium_mg': '600mg'}",72.857142857143,
Quinoa,Simply Nature,4099100129458,openfoodfacts,2025-09-09T20:03:55.189910,grain,quinoa,100.0,372.09302325581,65.116279069767,,0.0,,,13.953488372093,4.6511627906977,0.0,,"{'carbs_g': '65.1g', 'fiber_g': 'not listed', 'sugar_g': '0g', 'added_sugar_g': 'not listed', 'sugar_alcohols_g': 'not listed', 'protein_g': '14.0g', 'fat_g': '4.7g', 'sodium_mg': '0mg'}",65.116279069767,
Long grain & wild rice mix garlic and herb,Earthly Grains (Aldi),4099100132816,openfoodfacts,2025-09-09T20:03:04.896688,grain,rice,56.0,230.0,42.0,1.0,0.0,0.0,,5.0,4.5,610.0,"PARBOILED LONG GRAIN RICE, WILD RICE, ORZO (WHEAT FLOUR), SALT, GARLIC*, MALTODEXTRIN, ONION*, YEAST EXTRACT, PARSLEY*, BLACK PEPPER, NATURAL FLAVORS, SAGE, TURMERIC (COLOR), BASIL, THYME, CELERY, ROSEMARY, NATURAL SMOKE FLAVOR.","{'carbs_g': '42.0g', 'fiber_g': '1.0g', 'sugar_g': '0g', 'added_sugar_g': '0g', 'sugar_alcohols_g': 'not listed', 'protein_g': '5.0g', 'fat_g': '4.5g', 'sodium_mg': '610mg'}",41.0,
Earthly grain90 second microwavable white rice jasmine,Aldi,4099100136388,openfoodfacts,2025-09-09T20:03:07.185731,grain,rice,140.0,270.0,55.0,1.0,,,,5.0,4.0,0.0,"utrition facts inced water, white jasmine rice, about 2 servings per container sunflower oil, soy serving size 1 cup (140g) lecithin, acacia gum, per serving| per pouch xanthan gum, calories 270 460 dist, ,","{'carbs_g': '55.0g', 'fiber_g': '1.0g', 'sugar_g': 'not listed', 'added_sugar_g': 'not listed', 'sugar_alcohols_g': 'not listed', 'protein_g': '5.0g', 'fat_g': '4.0g', 'sodium_mg': '0mg'}",54.0,
White Quinoa,Simply Nature,4099100225655,openfoodfacts,2025-09-09T20:03:48.102627,grain,quinoa,100.0,363.63636363636,63.636363636364,6.8181818181818,4.5454545454545,,,13.636363636364,6.8181818181818,0.0,ORGANIC WHITE QUINOA,"{'carbs_g': '63.6g', 'fiber_g': '6.8g', 'sugar_g': '4.5g', 'added_sugar_g': 'not listed', 'sugar_alcohols_g': 'not listed', 'protein_g': '13.6g', 'fat_g': '6.8g', 'sodium_mg': '0mg'}",56.81818181818221,
Quick Cook Brown Rice,Simply Nature,4099100250480,openfoodfacts,2025-09-09T20:03:14.640947,grain,rice,50.0,180.0,38.0,2.0,,,,4.0,2.0,50.0,ORGANIC BROWN RICE.,"{'carbs_g': '38.0g', 'fiber_g': '2.0g', 'sugar_g': 'not listed', 'added_sugar_g': 'not listed', 'sugar_alcohols_g': 'not listed', 'protein_g': '4.0g', 'fat_g': '2.0g', 'sodium_mg': '50mg'}",36.0,
Bio smoothie,Nature Active Bio,4099200414102,openfoodfacts,2025-09-09T20:10:05.220445,drink,drink,100.0,60.0,12.0,,12.0,,,0.6,0.5,4.0,,"{'carbs_g': '12.0g', 'fiber_g': 'not listed', 'sugar_g': '12.0g', 'added_sugar_g': 'not listed', 'sugar_alcohols_g': 'not listed', 'protein_g': '0.6g', 'fat_g': '0.5g', 'sodium_mg': '4mg'}",12.0,
Quinoa,Shoprite,41190056712,openfoodfacts,2025-09-09T20:03:54.404004,grain,quinoa,47.0,170.0,31.0,4.0,2.0,0.0,,7.0,2.0,45.0,,"{'carbs_g': '31.0g', 'fiber_g': '4.0g', 'sugar_g': '2.0g', 'added_sugar_g': '0g', 'sugar_alcohols_g': 'not listed', 'protein_g': '7.0g', 'fat_g': '2.0g', 'sodium_mg': '45mg'}",27.0,
Tri-Color Quinoa,H-E-B,41220177394,openfoodfacts,2025-09-09T20:03:46.512147,grain,quinoa,79.0,160.0,30.0,3.0,,,,7.0,3.0,0.0,"ORGANIC WHITE QUINOA, ORGANIC RED QUINOA, ORGANIC BLACK QUINOA","{'carbs_g': '30.0g', 'fiber_g': '3.0g', 'sugar_g': 'not listed', 'added_sugar_g': 'not listed', 'sugar_alcohols_g': 'not listed', 'protein_g': '7.0g', 'fat_g': '3.0g', 'sodium_mg': '0mg'}",27.0,
Steel Cuts Oats,H-E-B,41220920761,openfoodfacts,2025-09-09T20:02:47.794231,grain,oats,100.0,150.0,27.0,4.0,0.0,,,5.0,2.5,0.0,,"{'carbs_g': '27.0g', 'fiber_g': '4.0g', 'sugar_g': '0g', 'added_sugar_g': 'not listed', 'sugar_alcohols_g': 'not listed', 'protein_g': '5.0g', 'fat_g': '2.5g', 'sodium_mg': '0mg'}",23.0,
Jasmine Rice(cajas),Goya,41331026208,openfoodfacts,2025-09-09T20:03:08.727876,grain,rice,50.0,180.0,40.0,,0.0,0.0,,4.0,0.0,0.02,JASMINE RICE,"{'carbs_g': '40.0g', 'fiber_g': 'not listed', 'sugar_g': '0g', 'added_sugar_g': '0g', 'sugar_alcohols_g': 'not listed', 'protein_g': '4.0g', 'fat_g': '0g', 'sodium_mg': '0mg'}",40.0,
Dried Cranberries & Glazed Walnut Pieces,GreenWise,41415054301,openfoodfacts,2025-09-12T18:34:44.510911+00:00,nut,nuts-seeds,100.0,450.0,60.0,0.0,50.0,,,10.0,25.0,100.0,"ORGANIC GLAZED WALNUT PIECES (ORGANIC WALNUTS, ORGANIC SUGAR, ORGANIC SUNFLOWER OIL, ORGANIC HONEY, SEA SALT), DRIED DARK SWEET CHERRIES (ORGANIC CHERRIES, ORGANIC SUGAR, SUNFLOWER OIL), DRIED CRANBERRIES (ORGANIC CRANBERRIES, ORGANIC SUGAR, SUNFLOWER OIL)","{'carbs_g': '60.0g', 'fiber_g': '0g', 'sugar_g': '50.0g', 'added_sugar_g': 'not listed', 'sugar_alcohols_g': 'not listed', 'protein_g': '10.0g', 'fat_g': '25.0g', 'sodium_mg': '100mg'}",60.0,nuts-and-seeds
Southwest Style Quinoa,,41415123533,openfoodfacts,2025-09-09T20:03:29.925181,grain,rice,100.0,156.0,18.370000839233,,2.4700000286102,,,3.1800000667572,7.7699999809265,84.8,,"{'carbs_g': '18.4g', 'fiber_g': 'not listed', 'sugar_g': '2.5g', 'added_sugar_g': 'not listed', 'sugar_alcohols_g': 'not listed', 'protein_g': '3.2g', 'fat_g': '7.8g', 'sodium_mg': '85mg'}",18.370000839233,
SPARKLING NATURAL MINERAL WATER,S.PELLEGRINO,41508800082,openfoodfacts,2025-09-09T20:10:14.137036,drink,drink,500.0,0.0,0.0,,,,,0.0,0.0,80.0,carbonated mineral water,"{'carbs_g': '0g', 'fiber_g': 'not listed', 'sugar_g': 'not listed', 'added_sugar_g': 'not listed', 'sugar_alcohols_g': 'not listed', 'protein_g': '0g', 'fat_g': '0g', 'sodium_mg': '80mg'}",0.0,
Edys Dibs crunch 4 oz,Nestlé,41548825533,openfoodfacts,2025-09-09T20:07:55.442360,dessert,ice-cream,103.0,370.0,32.0,1.0,26.0,20.0,,4.0,25.0,0.0,"Coating (coconut oil, palm oil, sugar, cocoa, reduced minerals whey, milk, chocolate, natural flavor, soy lecithin), dairy product solids, skim milk, sugar, cream, corn syrup, crisp rice (rice flour, sugar, salt, calcium carbonate), tapioca maltodextrin, propylene glycol monostearate, cellulose gel, guar gum, monoglycerides, carob bean gum, natural flavor, cellulose gum, salt.","{'carbs_g': '32.0g', 'fiber_g': '1.0g', 'sugar_g': '26.0g', 'added_sugar_g': '20.0g', 'sugar_alcohols_g': 'not listed', 'protein_g': '4.0g', 'fat_g': '25.0g', 'sodium_mg': '0mg'}",31.0,
Lightly Salted Almonds,Blue Diamond,41570057254,openfoodfacts,2025-09-09T20:07:14.679141,nut,nuts-seeds,28.0,170.0,5.0,3.0,1.0,0.0,,6.0,16.0,0.04,"almonds, vegetable oil (canola, safflower and/or sunflower), sea salt,","{'carbs_g': '5.0g', 'fiber_g': '3.0g', 'sugar_g': '1.0g', 'added_sugar_g': '0g', 'sugar_alcohols_g': 'not listed', 'protein_g': '6.0g', 'fat_g': '16.0g', 'sodium_mg': '0mg'}",2.0,
Honey Roasted Almonds,Blue Diamond Almonds,41570072561,openfoodfacts,2025-09-09T20:07:15.472320,nut,nuts-seeds,28.0,160.0,9.0,2.0,5.0,4.0,,5.0,13.0,60.0,"ALMONDS, SUGAR, VEGETABLE OIL (CANOLA, SAFFLOWER AND/OR SUNFLOWER), HONEY, SALT AND CORN MALTODEXTRIN.","{'carbs_g': '9.0g', 'fiber_g': '2.0g', 'sugar_g': '5.0g', 'added_sugar_g': '4.0g', 'sugar_alcohols_g': 'not listed', 'protein_g': '5.0g', 'fat_g': '13.0g', 'sodium_mg': '60mg'}",7.0,
Lightly Salted Almonds,Blue Diamond,41570130766,openfoodfacts,2025-09-09T20:07:24.257828,nut,nuts-seeds,28.0,170.0,5.0,3.0,1.0,0.0,,6.0,16.0,40.0,"ALMONDS, VEGETABLE OIL (ALMOND, CANOLA, SAFFLOWER AND/OR SUNFLOWER), SEA SALT.","{'carbs_g': '5.0g', 'fiber_g': '3.0g', 'sugar_g': '1.0g', 'added_sugar_g': '0g', 'sugar_alcohols_g': 'not listed', 'protein_g': '6.0g', 'fat_g': '16.0g', 'sodium_mg': '40mg'}",2.0,
Steel Cut Quick Cooking Oatmeal with flax seeds,Better Oats,42400015932,openfoodfacts,2025-09-09T20:02:11.805015,grain,oats,375.0,130.0,22.0,1.0,0.0,0.0,,4.0,3.0,0.0,"Whole Grain Steel Cut Oats, Flaxseed, Stearic Acid, Salt.","{'carbs_g': '22.0g', 'fiber_g': '1.0g', 'sugar_g': '0g', 'added_sugar_g': '0g', 'sugar_alcohols_g': 'not listed', 'protein_g': '4.0g', 'fat_g': '3.0g', 'sodium_mg': '0mg'}",21.0,
Energie 1 Protein Shake,XbyX,4270000981708,openfoodfacts,2025-09-09T20:09:50.275643,drink,drink,100.0,332.0,10.8,,2.0,,,51.7,5.2,840.0,,"{'carbs_g': '10.8g', 'fiber_g': 'not listed', 'sugar_g': '2.0g', 'added_sugar_g': 'not listed', 'sugar_alcohols_g': 'not listed', 'protein_g': '51.7g', 'fat_g': '5.2g', 'sodium_mg': '840mg'}",10.8,
Roasted & salted Mixed Nuts,Trader Joe's,429924,openfoodfacts,2025-09-09T20:07:03.411318,nut,nuts-seeds,30.0,198.0,1.86,1.62,1.14,,,8.28,17.2,63.6,"Peanuts (29%), Almonds (29%), Cashew Nuts (19%), Hazelnuts (19%), Rapeseed Oil, Salt.","{'carbs_g': '1.9g', 'fiber_g': '1.6g', 'sugar_g': '1.1g', 'added_sugar_g': 'not listed', 'sugar_alcohols_g': 'not listed', 'protein_g': '8.3g', 'fat_g': '17.2g', 'sodium_mg': '64mg'}",0.24,
Mamas Babydream Stillsaft,Rossmann,4305615541693,openfoodfacts,2025-09-09T20:09:51.976619,drink,drink,200.0,94.0,22.0,1.0,22.0,,,1.0,1.0,8.0,"Apfelsaft 89%, Traubensaft 6,5%, Johannisbeersaft 2%, Aroniasaft 2%, Holundersaft 0,5% Vitamin C, Eisen-II-Sulfat, Zinkoxid, Vitamin B6, Vitamin B1, Folsäure, Kaliumjodid","{'carbs_g': '22.0g', 'fiber_g': '1.0g', 'sugar_g': '22.0g', 'added_sugar_g': 'not listed', 'sugar_alcohols_g': 'not listed', 'protein_g': '1.0g', 'fat_g': '1.0g', 'sodium_mg': '8mg'}",21.0,
Salted Pumpkin,Tong Garden,4383565563163,openfoodfacts,2025-09-12T18:35:29.808343+00:00,nut,nuts-seeds,100.0,0.0,,,,,,,,0.0,"Pumpkin Seed (99%), Salt (1%), Packaging Gas [Nitrogen (INS941)]","{'carbs_g': 'not listed', 'fiber_g': 'not listed', 'sugar_g': 'not listed', 'added_sugar_g': 'not listed', 'sugar_alcohols_g': 'not listed', 'protein_g': 'not listed', 'fat_g': 'not listed', 'sodium_mg': '0mg'}",0.0,nuts-and-seeds
English Muffins,Thomas',48121102081,openfoodfacts,2025-09-12T18:49:39.354521+00:00,bread,bread,61.0,294.117647058824,56.8627450980392,1.96078431372549,1.96078431372549,0.0,,9.80392156862745,1.96078431372549,0.431372549019608,"enriched wheat flour (flour, malted barley flour, reduced iron, niacin, thiamin mononitrate [vitamin B1], riboflavin [vitamin B2], folic acid), water, farina, yeast, salt, sugar, calcium propionate, sorbic acid, vegetable oil (soybean), wheat gluten, grain vinegar, soy lecithin, soy, whey","{'carbs_g': '56.9g', 'fiber_g': '2.0g', 'sugar_g': '2.0g', 'added_sugar_g': '0g', 'sugar_alcohols_g': 'not listed', 'protein_g': '9.8g', 'fat_g': '2.0g', 'sodium_mg': '0mg'}",54.90196078431371,plant-based-foods-and-beverages|plant-based-foods|cereals-and-potatoes|breads|special-breads|english-muffins
Bagels,THOMAS',48121253196,openfoodfacts,2025-09-12T18:51:13.448524+00:00,bread,bread,95.0,270.0,47.0,2.0,5.0,5.26315789473684,,10.0,4.0,370.0,"ENRICHED WHEAT FLOUR (FLOUR, MALTED LEY FLOUR, REDUCED IRON, NIACIN, THIAMIN MONONTRATE (VITAMIN  B1), RIBOFLAVIN (VITAMIN  B2), FOLIC ACID, WATER, SUGAR, SUNFLOWER SEEDS, YEAST, WHEAT GLUTEN, SESAME SEEDS, ONION, SALT, CORNMEAL, CALCIUM PROPIONATE, SORBIC ACID, POPPY SEEDS, MONO AND DIGLYCERIDES, GARLIC, CITRIC ACID, GUAR GUM, MALTODEXTRIN, soybean OIL, CELLULOSE GUM, CORNSTARCH, ALGIN, SOY LECITHIN.","{'carbs_g': '47.0g', 'fiber_g': '2.0g', 'sugar_g': '5.0g', 'added_sugar_g': '5.3g', 'sugar_alcohols_g': 'not listed', 'protein_g': '10.0g', 'fat_g': '4.0g', 'sodium_mg': '370mg'}",45.0,plant-based-foods-and-beverages|plant-based-foods|cereals-and-potatoes|breads|special-breads|bagel-breads
Bagels Plain,THOMAS',48121277079,openfoodfacts,2025-09-12T18:52:01.222359+00:00,bread,bread,95.0,270.0,53.0,2.0,6.0,5.0,,10.0,1.501,450.0,"Enriched Wheat Flour [Flour, Malted Barley Flour, Reduced Iron, Niacin, Thiamin Mononitrate (Vitamin B1), Riboflavin (Vitamin B2), Folic Acid], Water, Sugar, Yeast, Wheat Gluten, Salt, Cornmeal, Calcium Propionate, Sorbic Acid, Mono-glycerides, Citric Acid, Guar Gum, Vegetable Oil (Soybean), Soy Lecithin, Sesame Seeds","{'carbs_g': '53.0g', 'fiber_g': '2.0g', 'sugar_g': '6.0g', 'added_sugar_g': '5.0g', 'sugar_alcohols_g': 'not listed', 'protein_g': '10.0g', 'fat_g': '1.5g', 'sodium_mg': '450mg'}",51.0,plant-based-foods-and-beverages|plant-based-foods|cereals-and-potatoes|breads|special-breads|bagel-breads
Coca-Cola Zero Sugar,Coca-Cola,49000042566,openfoodfacts,2025-09-09T20:09:55.125606,drink,drink,355.0,0.0,0.0,,,,,0.0,0.0,40.114999999999995,"carbonated water, caramel color, phosphoric acid, aspartame, potassium benzoate, natural flavors, potassium citrate, acesulfame potassium, caffeine","{'carbs_g': '0g', 'fiber_g': 'not listed', 'sugar_g': 'not listed', 'added_sugar_g': 'not listed', 'sugar_alcohols_g': 'not listed', 'protein_g': '0g', 'fat_g': '0g', 'sodium_mg': '40mg'}",0.0,
Coke Original Taste,Coke,4963406,openfoodfacts,2025-09-09T20:09:47.139643,drink,drink,340.19399999999996,140.0,39.0,0.0,39.0,39.0,,0.0,0.0,0.045,"carbonated water, high fructose corn syrup, caramel color, phosphoric acid, natural flavors, caffeine","{'carbs_g': '39.0g', 'fiber_g': '0g', 'sugar_g': '39.0g', 'added_sugar_g': '39.0g', 'sugar_alcohols_g': 'not listed', 'protein_g': '0g', 'fat_g': '0g', 'sodium_mg': '0mg'}",39.0,
Diet Coke,Coca-Cola,4965802,openfoodfacts,2025-09-09T20:09:52.765583,drink,drink,340.194,0.0,0.0,,,,,0.0,0.0,40.143,"CARBONATED WATER, CARAMEL COLOR, ASPARTAME, PHOSPHORIC ACID, POTASSIUM BENZOATE (TO PROTECT TASTE), NATURAL FLAVORS, CITRIC ACID, CAFFEINE.

PHENYLKETONURICS: CONTAINS PHENYLALANINE

NO CALORIES, NO SUGAR","{'carbs_g': '0g', 'fiber_g': 'not listed', 'sugar_g': 'not listed', 'added_sugar_g': 'not listed', 'sugar_alcohols_g': 'not listed', 'protein_g': '0g', 'fat_g': '0g', 'sodium_mg': '40mg'}",0.0,
Quick Cooking White Oats,Quaker,5000108022824,openfoodfacts,2025-09-09T20:02:08.600783,grain,oats,40.0,150.0,24.0,3.6,0.4,,,4.4,3.2,0.0,100% wholegrain rolled oats.,"{'carbs_g': '24.0g', 'fiber_g': '3.6g', 'sugar_g': '0.4g', 'added_sugar_g': 'not listed', 'sugar_alcohols_g': 'not listed', 'protein_g': '4.4g', 'fat_g': '3.2g', 'sodium_mg': '0mg'}",20.4,
Quaker apple & blueberry flavour hot oat cereal,Quaker,5000108575443,openfoodfacts,2025-09-09T20:06:40.038449,grain,oats,100.0,372.0,63.0,6.4,22.0,,,15.0,5.5,180.0,"Quaker Rolled _Oats_ (67%), Skimmed _Milk_ Powder, Sugar, Salt, Natural Flavourings, Anticaking Agent (Calcium Phosphate). ALLERGY ADVICE: For allergens, see ingredients in bold. May contain wheat, barley, soya.","{'carbs_g': '63.0g', 'fiber_g': '6.4g', 'sugar_g': '22.0g', 'added_sugar_g': 'not listed', 'sugar_alcohols_g': 'not listed', 'protein_g': '15.0g', 'fat_g': '5.5g', 'sodium_mg': '180mg'}",56.6,
Coca-Cola Zero,Coca Cola,5000112519945,openfoodfacts,2025-09-09T20:10:12.483196,drink,drink,330.0,0.66,0.0,,0.0,,,0.0,0.0,26.4,"REFRIGERANTE DE EXTRATOS VEGETAIS. Contém edulcorantes. Elaborado em Portugal, com orgulho. Ingredientes: água, dióxido de carbono, corante caramelo E-150d, acidificante ácido fosfinco edulcorantes: ciclamato de sódio, acessulfane K aspartame e glicosideos de esteviol produzidos enzimaticamente, aromas naturais, aroma cafeina e regulador de acidez: citratos de sódio Contém uma fonte de fenilalanina.","{'carbs_g': '0g', 'fiber_g': 'not listed', 'sugar_g': '0g', 'added_sugar_g': 'not listed', 'sugar_alcohols_g': 'not listed', 'protein_g': '0g', 'fat_g': '0g', 'sodium_mg': '26mg'}",0.0,
Garden Peas,Birds Eye,5000116127610,openfoodfacts,2025-09-12T18:38:48.421807+00:00,nut,nuts-seeds,80.0,54.4,6.0,4.8,3.92,,,3.92,0.56,3.2,peas,"{'carbs_g': '6.0g', 'fiber_g': '4.8g', 'sugar_g': '3.9g', 'added_sugar_g': 'not listed', 'sugar_alcohols_g': 'not listed', 'protein_g': '3.9g', 'fat_g': '0.6g', 'sodium_mg': '3mg'}",1.2000000000000002,plant-based-foods-and-beverages|plant-based-foods|fruits-and-vegetables-based-foods|legumes-and-their-products|vegetable-based-foods-and-beverages|legumes|seeds|vegetables-based-foods|legume-seeds|vegetables|pulses|green-peas
Crunchy Nut Corn Flakes Cereal,Kellogg's,5000127049307,openfoodfacts,2025-09-12T17:31:38.623934+00:00,cereal,cereal,30.0,119.0,25.0,0.8,11.0,,,1.8,1.4,92.0,"Maize, sugar, peanuts (6%), barley malt extract, molasses, honey (1%), salt, niacin, iron, vitamin B6, riboflavin, thiamin, folic acid, vitamin D, vitamin B12.","{'carbs_g': '25.0g', 'fiber_g': '0.8g', 'sugar_g': '11.0g', 'added_sugar_g': 'not listed', 'sugar_alcohols_g': 'not listed', 'protein_g': '1.8g', 'fat_g': '1.4g', 'sodium_mg': '92mg'}",24.2,
Roasted & Salted Pistachios,COOP,5000128975797,openfoodfacts,2025-09-09T20:07:13.131152,nut,nuts-seeds,13.0,76.0,1.4,1.4,0.8,,,3.4,6.0,64.0,"pistachios (96%), salt","{'carbs_g': '1.4g', 'fiber_g': '1.4g', 'sugar_g': '0.8g', 'added_sugar_g': 'not listed', 'sugar_alcohols_g': 'not listed', 'protein_g': '3.4g', 'fat_g': '6.0g', 'sodium_mg': '64mg'}",0.0,
Robinsons Orange Squash,Robinsons,5000147030125,openfoodfacts,2025-09-09T20:09:45.309503,drink,drink,100.0,7.0,0.6,,0.6,,,0.0,0.0,84.0,"Water, orange fruit from concentrate (10%), acid (citric acid), acidity regulator (sodium citrate), natural flavouring, sweeteners (aspartame, saccharin), preservatives (potassium sorbate, sodium metabisulphite), stabiliser (cellulose gum), emulsifier (gl","{'carbs_g': '0.6g', 'fiber_g': 'not listed', 'sugar_g': '0.6g', 'added_sugar_g': 'not listed', 'sugar_alcohols_g': 'not listed', 'protein_g': '0g', 'fat_g': '0g', 'sodium_mg': '84mg'}",0.6,
"Eis, Snickers",Snickers,5000159548496,openfoodfacts,2025-09-09T20:07:36.548796,dessert,ice-cream,45.0,172.0,16.7,,12.3,,,3.02,10.2,46.8,"Magermilch (15%), Glukosesirup, Zucker, Sahne (13%), Erdnüsse, Palmfett, gezuckerte Kondensmagermilch, Wasser, Kokosfett, Kakaomasse, Magermilchpulver, Butterreinfett, Milchzucker, Molkepermeat, Milchzucker, Emulgatoren (Sojalecithin, E471), fettarmes Kakaopulver, Stabilisatoren (E412, E407, E401), Salz, Vanilleextrakt, natürliches Aroma.","{'carbs_g': '16.7g', 'fiber_g': 'not listed', 'sugar_g': '12.3g', 'added_sugar_g': 'not listed', 'sugar_alcohols_g': 'not listed', 'protein_g': '3.0g', 'fat_g': '10.2g', 'sodium_mg': '47mg'}",16.7,
Mars Ice Cream,Mars,5000159548519,openfoodfacts,2025-09-09T20:07:44.920390,dessert,ice-cream,40.0,132.8871892716,15.8,,11.88,,,1.5345,7.1,35.64,"Skim Milk, Sugar, Peanuts, Cream, Corn Syrup, Coconut Oil, Milk, Palm Oil, Lactose, Whey, Cocoa Powder, Chocolate, Milkfat, Soy Lecithin, Salt, Mono And Diglycerides, Carob Bean Gum, Guar Gum, Carrageenan, Artificial Flavor","{'carbs_g': '15.8g', 'fiber_g': 'not listed', 'sugar_g': '11.9g', 'added_sugar_g': 'not listed', 'sugar_alcohols_g': 'not listed', 'protein_g': '1.5g', 'fat_g': '7.1g', 'sodium_mg': '36mg'}",15.8,
Spaghetti no. 6,Napolina,5000232024602,openfoodfacts,2025-09-09T20:04:20.995024,grain,pasta-noodles,100.0,356.0,72.0,,3.0,,,12.0,1.5,0.0,100% Durum Wheat Semolina.,"{'carbs_g': '72.0g', 'fiber_g': 'not listed', 'sugar_g': '3.0g', 'added_sugar_g': 'not listed', 'sugar_alcohols_g': 'not listed', 'protein_g': '12.0g', 'fat_g': '1.5g', 'sodium_mg': '0mg'}",72.0,
Original Salted Peanuts,KP,5000237127261,openfoodfacts,2025-09-12T17:29:33.202956+00:00,nut,nuts-seeds,30.0,184.0,1.68,2.55,1.53,,,9.0,15.3,142.0,"_peanuts_, sunflower oil, salt","{'carbs_g': '1.7g', 'fiber_g': '2.5g', 'sugar_g': '1.5g', 'added_sugar_g': 'not listed', 'sugar_alcohols_g': 'not listed', 'protein_g': '9.0g', 'fat_g': '15.3g', 'sodium_mg': '142mg'}",0.0,
Unsalted Roasted Nuts,KP,5000237127308,openfoodfacts,2025-09-12T17:32:24.885330+00:00,nut,nuts-seeds,30.0,186.0,1.71,2.61,1.56,,,9.0,15.3,3.6,"Peanuts, sunflower oil.","{'carbs_g': '1.7g', 'fiber_g': '2.6g', 'sugar_g': '1.6g', 'added_sugar_g': 'not listed', 'sugar_alcohols_g': 'not listed', 'protein_g': '9.0g', 'fat_g': '15.3g', 'sodium_mg': '4mg'}",0.0,
Original Salted Peanuts,KP,5000237127322,openfoodfacts,2025-09-12T17:33:21.766274+00:00,nut,nuts-seeds,30.0,184.0,1.68,2.55,1.53,,,9.0,15.3,144.0,"_Peanuts_, Sunflower oil, Salt","{'carbs_g': '1.7g', 'fiber_g': '2.5g', 'sugar_g': '1.5g', 'added_sugar_g': 'not listed', 'sugar_alcohols_g': 'not listed', 'protein_g': '9.0g', 'fat_g': '15.3g', 'sodium_mg': '144mg'}",0.0,
Tesco Original Bagels 5 Pack,Tesco,5000436049135,openfoodfacts,2025-09-12T15:49:53.732488+00:00,cereal,cereal,85.0,225.0,44.4,2.3,4.5,,,7.91,1.27,201.0,"Wheat Flour [Wheat Flour, Calcium Carbonate, Iron, Niacin, Thiamin], Water, Rye Flour, Sugar, Yeast, Rapeseed Oil, Maize, Salt, Preservative (Calcium Propionate), Wheat Gluten, Malted Barley Flour, Spirit Vinegar, Flour Treatment Agent (Ascorbic Acid). Allergy Advice For all reals containing gluten see","{'carbs_g': '44.4g', 'fiber_g': '2.3g', 'sugar_g': '4.5g', 'added_sugar_g': 'not listed', 'sugar_alcohols_g': 'not listed', 'protein_g': '7.9g', 'fat_g': '1.3g', 'sodium_mg': '201mg'}",42.1,
Authentic Granary,Hovis,5010003000254,openfoodfacts,2025-09-12T15:00:13.921045+00:00,cereal,cereal,33.0,84.0,15.3,1.2,1.1,,,3.4,0.8,134.0,"wheat flour (with added calcium, iron, niacin, thiamin), water, original granary blend (granary malted wheat flakes (11%), malted barley flour), yeast, wheat protein, salt, vinegar, soya flour, caramelised sugar, barley flour, emulsifier: e472e, barley fibre, flour treatment agent: ascorbic acid","{'carbs_g': '15.3g', 'fiber_g': '1.2g', 'sugar_g': '1.1g', 'added_sugar_g': 'not listed', 'sugar_alcohols_g': 'not listed', 'protein_g': '3.4g', 'fat_g': '0.8g', 'sodium_mg': '134mg'}",14.1,
Seed Sensations,Hovis,5010003064744,openfoodfacts,2025-09-12T17:48:50.969846+00:00,cereal,cereal,50.0,122.0,18.5,2.3,1.7,,,4.4,2.9,153.0,"Wheat Flour (Calcium, Iron, Niacin, Thiamin), Water, Seed Mix 13% (Toasted Brown Linseed, Toasted Sunflower Seeds, Pumpkin Seeds, Sunflower Seeds, Millet Seeds, Golden Linseed, Poppy Seeds), Yeast, Wheat  Protein, Salt, Soya Flour, Malted Barley Flour, Granulated Sugar, Barley Flour, Preservative (E282), Caramelised Sugar, Barley Fibre, Emulsifier (E472e), Flour Treatment Agent (Ascorbic Acid).","{'carbs_g': '18.5g', 'fiber_g': '2.3g', 'sugar_g': '1.7g', 'added_sugar_g': 'not listed', 'sugar_alcohols_g': 'not listed', 'protein_g': '4.4g', 'fat_g': '2.9g', 'sodium_mg': '153mg'}",16.2,
Weetabix produit à base de blé complet 100%,Weetabix,5010029000023,openfoodfacts,2025-09-09T20:06:03.307008,cereal,cereal,5.0,136.0,25.9,3.75,1.58,,,4.5,0.75,39.0,"Whole wheat (95%), malted barley extract, sugar, salt, niacin, iron, riboflavin (b2), thiamin (b1), folic acid.","{'carbs_g': '25.9g', 'fiber_g': '3.8g', 'sugar_g': '1.6g', 'added_sugar_g': 'not listed', 'sugar_alcohols_g': 'not listed', 'protein_g': '4.5g', 'fat_g': '0.8g', 'sodium_mg': '39mg'}",22.15,
Super smooth porridge imp,Ready break,5010029219494,openfoodfacts,2025-09-09T20:06:05.819239,grain,oats,30.0,112.0,17.4,,,,,3.6,2.61,0.0,"wholegrain rolled oats (60%), wholegrain oat flour (38%), calcium, niacin, iron, riboflavin (b2), vitamin b6, thiamin (b1), folic acid, vitamin d, vitamin b12,","{'carbs_g': '17.4g', 'fiber_g': 'not listed', 'sugar_g': 'not listed', 'added_sugar_g': 'not listed', 'sugar_alcohols_g': 'not listed', 'protein_g': '3.6g', 'fat_g': '2.6g', 'sodium_mg': '0mg'}",17.4,
Wholemeal Medium Sliced,Warburtons,5010044000404,openfoodfacts,2025-09-12T17:50:45.955525+00:00,cereal,cereal,23.8,54.0,9.0,1.5,0.6,,,2.5,0.6,90.0,"Wholemeal Wheat Flour, Water, Yeast, Vegetable Oils (Rapeseed and Sustainable Palm), Salt, Wheat Gluten, Emulsifiers: E471, E481, E472e; Soya Flour, Preservative: Calcium Propionate; Flour Treatment Agent: Ascorbic Acid (Vitamin C)","{'carbs_g': '9.0g', 'fiber_g': '1.5g', 'sugar_g': '0.6g', 'added_sugar_g': 'not listed', 'sugar_alcohols_g': 'not listed', 'protein_g': '2.5g', 'fat_g': '0.6g', 'sodium_mg': '90mg'}",7.5,
Soft White Rolls Sliced,Warburtons,5010044000565,openfoodfacts,2025-09-12T15:00:13.470856+00:00,cereal,cereal,55.0,146.0,25.6,1.32,1.65,,,5.33,2.15,216.0,"Wheat Flour [with Calcium, Iron, Niacin (B3) and Thiamin (B1)], Water, Vegetable Oil (Rapeseed, Sustainable Palm), Yeast, Salt, Sugar, Emulsifiers: E472e, E471, E481, Soya Flour, Gelling Agent: E466, Preservative: Calcium Propionate, Flour Treatment Agents: Ascorbic Acid (Vitamin C), E920 (Vegetarian)","{'carbs_g': '25.6g', 'fiber_g': '1.3g', 'sugar_g': '1.6g', 'added_sugar_g': 'not listed', 'sugar_alcohols_g': 'not listed', 'protein_g': '5.3g', 'fat_g': '2.1g', 'sodium_mg': '216mg'}",24.28,
6 Soft White Rolls Sliced,Warburtons,5010044002316,openfoodfacts,2025-09-09T20:08:37.172047,cereal,cereal,55.0,146.0,25.6,1.32,1.65,,,5.33,2.15,216.0,"wheat flour [with calcium, iron, niacin (b3) and thiamin (b1)], water, vegetable oil (rapeseed, sustainable palm), yeast, salt, sugar, emulsifiers: e472e, e471, e481, soya flour, gelling agent: e466, preservative: calcium propionate, flour treatment agents: ascorbic acid (vitamin c), e920 (vegetarian)","{'carbs_g': '25.6g', 'fiber_g': '1.3g', 'sugar_g': '1.6g', 'added_sugar_g': 'not listed', 'sugar_alcohols_g': 'not listed', 'protein_g': '5.3g', 'fat_g': '2.1g', 'sodium_mg': '216mg'}",24.28,
Old English Medium Sliced White Bread,Warburtons,5010044006529,openfoodfacts,2025-09-09T20:08:25.969315,cereal,cereal,40.0,99.2,18.6,0.84,1.36,,,3.76,1.04,157.0,"_Wheat_ Flour [with Calcium, Iron, Niacin (B3) and Thiamin (B1)], Water, Yeast, Liquid Concentrated Sponge Extract (Water, _Wheat_ Flour, Yeast), Vegetable Oil (Rapeseed, Sustainable Palm), Salt, Fermented _Wheat_ Flour, _Soya_ Flour, Flour Treatment Agent: Ascorbic Acid (Vitamin C).","{'carbs_g': '18.6g', 'fiber_g': '0.8g', 'sugar_g': '1.4g', 'added_sugar_g': 'not listed', 'sugar_alcohols_g': 'not listed', 'protein_g': '3.8g', 'fat_g': '1.0g', 'sodium_mg': '157mg'}",17.76,
6 Thin Bagels Cinnamon & Raisin Sliced,Warburtons,5010044006574,openfoodfacts,2025-09-12T15:00:12.449523+00:00,cereal,cereal,50.0,130.0,25.5,1.7,5.3,,,4.9,0.6,160.0,"wheat flour [with calcium, iron, niacin (b3) and thiamin (b1)], water, raisins (5%), sugar, wheat gluten, yeast, dextrose, salt, malted wheat flour, cinnamon (0,5%), mixed spice, maize, gelling agent: e466, preservative: calcium propionate, soya flour, emulsifiers: e481, e472e, vegetable oil (rapeseed, sunflower), flour treatment agents: ascorbic acid (vitamin c), e920 (vegetarian)","{'carbs_g': '25.5g', 'fiber_g': '1.7g', 'sugar_g': '5.3g', 'added_sugar_g': 'not listed', 'sugar_alcohols_g': 'not listed', 'protein_g': '4.9g', 'fat_g': '0.6g', 'sodium_mg': '160mg'}",23.8,
Bread,Kingsmill,5010092093045,openfoodfacts,2025-09-09T20:08:59.099105,cereal,cereal,40.0,95.0,18.2,1.1,1.5,,,3.2,0.8,149.0,"_Wheat_ Flour (calcium, iron, niacin (B3) and thiamin (B1)), Water, Yeast, Salt, Vinegar, Vegetable Oils (Rapeseed, Sustainable Palm), Sustainable _Soya_ Flour, Preservative (Calcium Propionate), Emulsifier (E472e), Flour Treatment Agent (Ascorbic Acid (Vitamin C)).","{'carbs_g': '18.2g', 'fiber_g': '1.1g', 'sugar_g': '1.5g', 'added_sugar_g': 'not listed', 'sugar_alcohols_g': 'not listed', 'protein_g': '3.2g', 'fat_g': '0.8g', 'sodium_mg': '149mg'}",17.099999999999998,
All Bran Flakes,Morrisons,5010251720072,openfoodfacts,2025-09-09T20:06:32.150280,cereal,cereal,100.0,359.0,64.0,16.0,11.0,,,12.0,2.5,112.0,"Wheat (80%), _Wheat_ bran (20%), Sugar, Malted _barley_ extract, Salt, Niacin, Iron, Pantothenic acid (B5), Thiamin (B1), Riboflavin (B2), Vitamin B6, Folic acid, Vitamin B12.","{'carbs_g': '64.0g', 'fiber_g': '16.0g', 'sugar_g': '11.0g', 'added_sugar_g': 'not listed', 'sugar_alcohols_g': 'not listed', 'protein_g': '12.0g', 'fat_g': '2.5g', 'sodium_mg': '112mg'}",48.0,
Dark Rye Crispbread,Ryvita,5010265002911,openfoodfacts,2025-09-12T17:48:28.297316+00:00,cereal,cereal,10.5,37.0,7.1,1.52,0.3,,,1.1,0.12,29.6,"wholegrain rye flour, salt","{'carbs_g': '7.1g', 'fiber_g': '1.5g', 'sugar_g': '0.3g', 'added_sugar_g': 'not listed', 'sugar_alcohols_g': 'not listed', 'protein_g': '1.1g', 'fat_g': '0.1g', 'sodium_mg': '30mg'}",5.58,
simply nutty muesli,dorset cereals,5018357012497,openfoodfacts,2025-09-12T17:29:29.055598+00:00,grain,oats,100.0,376.0,64.4,8.6,14.2,0.0,,9.9,6.8,12.0,"wholegrain oat flakes,  chopped dates, barley flakes, wholegrain wheat flakes, chopped roasted hazelnuts, whole almonds, chopped brazil nuts, sunflower seeds","{'carbs_g': '64.4g', 'fiber_g': '8.6g', 'sugar_g': '14.2g', 'added_sugar_g': '0g', 'sugar_alcohols_g': 'not listed', 'protein_g': '9.9g', 'fat_g': '6.8g', 'sodium_mg': '12mg'}",55.8,
Bakery Co. 5 The Original Bagels,New York Bakery Co,5020364010113,openfoodfacts,2025-09-12T17:48:51.473788+00:00,cereal,cereal,100.0,229.0,42.0,2.6,4.4,,,7.8,2.2,75.0,"WHEAT Flour (with added Calcium Carbonate, Iron, Niacin, Thiamin), Water, Sugar, Yeast, Vinegar, Salt, Rapeseed Oil, Preservative (Calcium Propionate), Maize, Sweet potato puree, Malted BARLEY Flour, Flour Treatment Agent (Ascorbic Acid)","{'carbs_g': '42.0g', 'fiber_g': '2.6g', 'sugar_g': '4.4g', 'added_sugar_g': 'not listed', 'sugar_alcohols_g': 'not listed', 'protein_g': '7.8g', 'fat_g': '2.2g', 'sodium_mg': '75mg'}",39.4,
Lancashire oven bottom muffins,Sheldon's,5023528000036,openfoodfacts,2025-09-09T20:08:36.286637,cereal,cereal,65.0,165.0,30.6,1.2,1.6,,,6.3,1.6,0.0,"wheat flour (with calcium carbonate, iron, thiamin (b1), niacin (b3)), water, yeast, sugar, salt, vinegar, rapeseed oil, soya flour, palm oil, emulsifier (sodium stearoyl-2-lactylate), preservative (calcium propionate), flour treatment agent: ascorbic acid (vitamin c)","{'carbs_g': '30.6g', 'fiber_g': '1.2g', 'sugar_g': '1.6g', 'added_sugar_g': 'not listed', 'sugar_alcohols_g': 'not listed', 'protein_g': '6.3g', 'fat_g': '1.6g', 'sodium_mg': '0mg'}",29.4,
Rice Vermicelli,Tiger Tiger,5024448548509,openfoodfacts,2025-09-09T20:05:49.217134,grain,rice,100.0,360.0,83.0,,2.1,,,6.75,0.1,12.0,"rice flour, salt","{'carbs_g': '83.0g', 'fiber_g': 'not listed', 'sugar_g': '2.1g', 'added_sugar_g': 'not listed', 'sugar_alcohols_g': 'not listed', 'protein_g': '6.8g', 'fat_g': '0.1g', 'sodium_mg': '12mg'}",83.0,
Sourdough White Ciabattin Bread,Jason’s,5025125000006,openfoodfacts,2025-09-09T20:08:21.888542,cereal,cereal,100.0,230.0,44.1,2.9,2.4,,,10.1,0.8,362.0,"Wheat Flour (Fortified with Calcium Carbonate, Iron, Niacin, Thiamin), Water, Salt, Fermented Wheat Flour.","{'carbs_g': '44.1g', 'fiber_g': '2.9g', 'sugar_g': '2.4g', 'added_sugar_g': 'not listed', 'sugar_alcohols_g': 'not listed', 'protein_g': '10.1g', 'fat_g': '0.8g', 'sodium_mg': '362mg'}",41.2,
Sourdough Grains & Seeds,Jason's,5025125000037,openfoodfacts,2025-09-12T17:47:41.702129+00:00,cereal,cereal,48.0,114.0,19.3,2.3,0.7,,,5.1,1.3,356.0,"Wheat Flour (Wheat Flour, Calcium Carbonate, Iron, Niacin, Thiamin), Water, Mixed Seeds (Golden Linseeds, Sunflower Seeds (6%), Sprouted Spelt (Wheat) Grains (1.5%), Salt, Fermented Wheat Flour.","{'carbs_g': '19.3g', 'fiber_g': '2.3g', 'sugar_g': '0.7g', 'added_sugar_g': 'not listed', 'sugar_alcohols_g': 'not listed', 'protein_g': '5.1g', 'fat_g': '1.3g', 'sodium_mg': '356mg'}",17.0,
No. 6 Sourdough Majestic Malted,Jason's,5025125000105,openfoodfacts,2025-09-12T17:50:00.999069+00:00,cereal,cereal,100.0,255.0,47.0,3.6,1.8,,,9.3,2.7,396.0,"_Wheat_ Flour (_Wheat_ Flour, Calcium Carbonate, Iron, Niacin, Thiamin), Water, Roasted Malted _Rye_ (7%), _Rye_ Flour, Malted _Barley_ Flour (1%), Salt, Fermented _Wheat_ Flour, Malted _Wheat_ Flour.","{'carbs_g': '47.0g', 'fiber_g': '3.6g', 'sugar_g': '1.8g', 'added_sugar_g': 'not listed', 'sugar_alcohols_g': 'not listed', 'protein_g': '9.3g', 'fat_g': '2.7g', 'sodium_mg': '396mg'}",43.4,
The Great White Sourdough,Jason's,5025125000112,openfoodfacts,2025-09-12T17:47:40.900848+00:00,cereal,cereal,64.2,107.0,20.9,1.3,0.9,0.0,,4.4,0.3,142.0,"Wheat Flour (Wheat Flour, Calcium Carbonate, Iron, Niacin, Thiamin), Water, Rye Flour, Salt, Fermented Wheat","{'carbs_g': '20.9g', 'fiber_g': '1.3g', 'sugar_g': '0.9g', 'added_sugar_g': '0g', 'sugar_alcohols_g': 'not listed', 'protein_g': '4.4g', 'fat_g': '0.3g', 'sodium_mg': '142mg'}",19.6,
JASON'S SOURDOUGH 07 SUPERB SPROUTED GRAINS,JASON'S,5025125000129,openfoodfacts,2025-09-09T20:08:22.652720,cereal,cereal,56.28,131.0,12.3,0.9,0.675,0.0,,2.36,0.281,0.0,"Wheat Flour (Wheat Flour, Calcium Carbonate, Iron, Niacin, Thiamin), Water, Wholemeal Spelt (Wheat) Flour, Sprouted Spelt (Wheat) Grains (5%), Rye Flour, Salt, Fermented Wheat Flour.","{'carbs_g': '12.3g', 'fiber_g': '0.9g', 'sugar_g': '0.7g', 'added_sugar_g': '0g', 'sugar_alcohols_g': 'not listed', 'protein_g': '2.4g', 'fat_g': '0.3g', 'sodium_mg': '0mg'}",11.4,
Bournville Cocoa,Cadbury,5034660021445,openfoodfacts,2025-09-09T20:09:42.175978,drink,drink,4.0,355.0,10.5,12.1,0.0,,,23.1,21.7,700.0,"Cocoa powder, acidity regulator (sodium carbonate).","{'carbs_g': '10.5g', 'fiber_g': '12.1g', 'sugar_g': '0g', 'added_sugar_g': 'not listed', 'sugar_alcohols_g': 'not listed', 'protein_g': '23.1g', 'fat_g': '21.7g', 'sodium_mg': '700mg'}",0.0,
Steel Cut Organic Oats,Trader Joe's,504485,openfoodfacts,2025-09-09T20:02:22.633070,grain,oats,40.0,150.0,27.0,4.0,0.0,,,5.0,2.5,0.0,ORGANIC steel cut oats,"{'carbs_g': '27.0g', 'fiber_g': '4.0g', 'sugar_g': '0g', 'added_sugar_g': 'not listed', 'sugar_alcohols_g': 'not listed', 'protein_g': '5.0g', 'fat_g': '2.5g', 'sodium_mg': '0mg'}",23.0,
Hot cross buns,Tesco,5051277423325,openfoodfacts,2025-09-12T18:52:20.571955+00:00,bread,bread,80.0,203.0,38.2,3.4,18.0,,,5.9,2.2,126.0,"wheat flour wheat flour, calcium carbonate, iron, niacin, thiamin], orange soaked fruits (30%) [sultanas, ralsins, currants, chilean flame raisins, concentrated orange juicel, water, mixed peel (2.5%) [orange peel, lemon peel, butter (milk), honey (1.5%), demerara sugar, wheat gluten, yeast, mixed spice, salt, buttermilk powder (milk), emulsifiers (mono - and di-glycerides of fatty acids, mono - and di-acetyl tartaric acid esters of mono - and di-glycerides of fatty acids), potato dextrin, flavouring, rapeseed oil, lemon peel, palm oil, flour treatment agent (ascorbic acid). allergy advice for allergens, including cereals containing gluten, see ingredients in bold. also, may contain peanuts, nuts, sesame seeds, egg and soya. vsultable for vegetarlans","{'carbs_g': '38.2g', 'fiber_g': '3.4g', 'sugar_g': '18.0g', 'added_sugar_g': 'not listed', 'sugar_alcohols_g': 'not listed', 'protein_g': '5.9g', 'fat_g': '2.2g', 'sodium_mg': '126mg'}",34.800000000000004,plant-based-foods-and-beverages|plant-based-foods|cereals-and-potatoes|breads|hot crossed buns
White Folded Flatbreads,Tesco,5054775347735,openfoodfacts,2025-09-09T20:08:42.786060,cereal,cereal,35.0,106.0,18.7,0.9,0.9,,,3.1,1.6,0.0,"Wheat Flour (_Wheat_ Flour, Calcium Carbonate, Iron, Niacin, Thiamin), Water, Rapeseed Oil, Yeast, Spirit Vinegar, Fermented _Wheat_ Flour, Raising Agents (Disodium Diphosphate, Sodium Bicarbonate, Calcium Phosphate), Salt, Emulsifier (Mono - and Di-Acetyl Tartaric Acid Esters of Mono - and Diglycerides of Fatty Acids), Dried Skimmed _Milk_, Flour Treatment Agent (Ascorbic Acid).","{'carbs_g': '18.7g', 'fiber_g': '0.9g', 'sugar_g': '0.9g', 'added_sugar_g': 'not listed', 'sugar_alcohols_g': 'not listed', 'protein_g': '3.1g', 'fat_g': '1.6g', 'sodium_mg': '0mg'}",17.8,
Malted Grain And Rye Folded Flatbread,Tesco,5054775347803,openfoodfacts,2025-09-12T15:00:20.312690+00:00,cereal,cereal,35.0,103.0,17.8,1.93,0.84,,,3.29,1.61,112.0,"Wheat Flour (_Wheat_ Flour, Calcium Carbonate, Iron, Niacin, Thiamin), Water, Malted Grains 11% (Malted _Wheat_ Flakes, Malted Rye Flakes), Spelt Flour (_Wheat_), Rye Flour 6%, Rapeseed Oil, Yeast, Spirit Vinegar, Raising Agents (Disodium Diphosphate, Sodium Bicarbonate, Calcium Phosphate), Salt, Preservative (Calcium Propionate), _Wheat_ Starch.","{'carbs_g': '17.8g', 'fiber_g': '1.9g', 'sugar_g': '0.8g', 'added_sugar_g': 'not listed', 'sugar_alcohols_g': 'not listed', 'protein_g': '3.3g', 'fat_g': '1.6g', 'sodium_mg': '112mg'}",15.87,
Part Baked Baguettes,H.W. Nevill's,5057545744468,openfoodfacts,2025-09-09T20:08:47.841690,cereal,cereal,75.0,221.0,44.9,3.15,2.78,,,6.68,0.975,330.0,"_Wheat_ Flour, Water, Yeast, Fermented _Wheat_ Flour, Salt, Malted _Wheat_ Flour, Flour Treatment Agent (Ascorbic Acid).","{'carbs_g': '44.9g', 'fiber_g': '3.1g', 'sugar_g': '2.8g', 'added_sugar_g': 'not listed', 'sugar_alcohols_g': 'not listed', 'protein_g': '6.7g', 'fat_g': '1.0g', 'sodium_mg': '330mg'}",41.75,
Tesco English Muffins 4 Pack,Tesco,5057545889619,openfoodfacts,2025-09-12T15:00:14.481743+00:00,cereal,cereal,72.0,172.0,30.6,3.0,4.0,,,8.2,1.2,146.0,"Wheat Flour (Wheat Flour, Calcium Carbonate, Iron, Niacin, Thiamin), Water, Semolina (Wheat), Soya Flour, Yeast, Salt, Sugar, Palm Oil, Spirit Vinegar, Preservative (Calcium Propionate), Emulsifier (Mono - and Di-Acetyl Tartaric Acid Esters of Mono - and Di-Glycerides of Fatty Acids), Flour Treatment Agent (Ascorbic Acid).","{'carbs_g': '30.6g', 'fiber_g': '3.0g', 'sugar_g': '4.0g', 'added_sugar_g': 'not listed', 'sugar_alcohols_g': 'not listed', 'protein_g': '8.2g', 'fat_g': '1.2g', 'sodium_mg': '146mg'}",27.6,
Sunflower & Pumpkin Loaf,Tesco,5057545918777,openfoodfacts,2025-09-09T20:08:43.554186,cereal,cereal,40.0,120.0,15.8,1.92,1.44,,,4.44,3.96,132.0,"Wheat Flour (Wheat Flour, Calcium Carbonate, Iron, Niacin, Thiamin), Water. Sunflower Seed (11%), Pumpkin Seed (2.5%), Yeast, Salt, Wheat Gluten, Emulsifiers (Mono - and Diacetyl Tartaric Acid Esters of Mono - and Diglycerides of Fatty Acids, Mono - and Diglycerides of Fatty Acids), Spirit Vinegar, Preservative (Calcium Propionate), Rapeseed Oil, Flour Treatment Agent (Ascorbic Acid).","{'carbs_g': '15.8g', 'fiber_g': '1.9g', 'sugar_g': '1.4g', 'added_sugar_g': 'not listed', 'sugar_alcohols_g': 'not listed', 'protein_g': '4.4g', 'fat_g': '4.0g', 'sodium_mg': '132mg'}",13.88,
Finest Wholemeal Loaf,Tesco,5057545918791,openfoodfacts,2025-09-09T20:08:28.866559,cereal,cereal,44.0,96.8,16.2,2.77,1.23,,,4.84,0.748,229.0,"wholemeal wheat flour, water, toasted rye flakes, yeast, oat bran, salt, wheat gluten, fermented wheat flour, emulsifiers (mono - and di-glycerides of fatty acids, mono-and di-acetyl tartaric acid esters of mono - and di-glycerides of fatty acids), spirit vinegar, rapeseed oil, flour treatment agent (ascorbic acid).","{'carbs_g': '16.2g', 'fiber_g': '2.8g', 'sugar_g': '1.2g', 'added_sugar_g': 'not listed', 'sugar_alcohols_g': 'not listed', 'protein_g': '4.8g', 'fat_g': '0.7g', 'sodium_mg': '229mg'}",13.43,
Finest White Loaf,Tesco,5057545918814,openfoodfacts,2025-09-09T20:09:00.810541,cereal,cereal,44.0,104.0,20.0,1.8,3.12,,,3.78,0.572,176.0,"wheat flour [wheat flour, calcium carbonate, iron, niacin, thiamin), water, yeast, salt, wheat bran, fermented wheat flour, emulsifier (mono-and di-acetyl tartaric acid esters of mono - and di-glycerides of fatty acids), flour treatment agent (ascorbic acid).","{'carbs_g': '20.0g', 'fiber_g': '1.8g', 'sugar_g': '3.1g', 'added_sugar_g': 'not listed', 'sugar_alcohols_g': 'not listed', 'protein_g': '3.8g', 'fat_g': '0.6g', 'sodium_mg': '176mg'}",18.2,
Tesco Finest Oat And Barley Loaf 800G,Tesco,5057545928783,openfoodfacts,2025-09-09T20:08:31.925042,grain,oats,44.0,113.0,21.1,1.8,1.3,,,4.0,1.0,169.0,"Wheat Flour [Wheat Flour, Calcium Carbonate, Iron, Niacin, Thiamin), Water, Oats (7%), Barley (4%), Oatmeal, Wheat Bran, Yeast, Salt, Wheat Gluten, Spirit Vinegar, Preservative (Calcium Propionate), Emulsifiers (Mono - and Di-Glycerides of Fatty Acids, Mono - and Di-Acetyl Tartaric Acid Esters of Mono - and Di-Glycerides of Fatty Acids), Rapeseed Oil, Flour Treatment Agent (Ascorbic Acid).","{'carbs_g': '21.1g', 'fiber_g': '1.8g', 'sugar_g': '1.3g', 'added_sugar_g': 'not listed', 'sugar_alcohols_g': 'not listed', 'protein_g': '4.0g', 'fat_g': '1.0g', 'sodium_mg': '169mg'}",19.3,
Colombian Coffee icecream,Tesco,5057753907372,openfoodfacts,2025-09-09T20:07:52.347343,dessert,ice-cream,100.0,224.0,22.1,0.5,19.9,,,3.8,13.3,28.0,"Whole Milk, Double Cream (Milk) (26%), Sugar, Dried Skimmed Milk, Pasteurised Egg, Skimmed Milk, Glucose Syrup, Dried Colombian Coffee (0.9%), Maltodextrin, Rice Starch, Ground Colombian Coffee (0.2%)","{'carbs_g': '22.1g', 'fiber_g': '0.5g', 'sugar_g': '19.9g', 'added_sugar_g': 'not listed', 'sugar_alcohols_g': 'not listed', 'protein_g': '3.8g', 'fat_g': '13.3g', 'sodium_mg': '28mg'}",21.6,
Coco Pops,Kellogg's,5059319024479,openfoodfacts,2025-09-09T20:06:19.749036,grain,rice,100.0,386.0,84.0,3.8,17.0,,,6.3,1.9,210.0,"(EN) CHOCOLATE FLAVOUR TOASTED RICE, FORTIFIED WITH VITAMINS AND MINERALS. INGREDIENTS: Rice, sugar, glucose syrup, fat reduced cocoa powder, salt, cocoa mass, barley malt extract, flavourings, niacin, iron, vitamin B6, riboflavin, thiamin, folic acid, vitamin D, vitamin B12. For allergens see ingredients highlighted","{'carbs_g': '84.0g', 'fiber_g': '3.8g', 'sugar_g': '17.0g', 'added_sugar_g': 'not listed', 'sugar_alcohols_g': 'not listed', 'protein_g': '6.3g', 'fat_g': '1.9g', 'sodium_mg': '210mg'}",80.2,
Low Sugar Maple & Pecan Granola imp,Lizi's,5060043224585,openfoodfacts,2025-09-09T20:06:10.763074,grain,oats,100.0,478.0,50.7,9.2,2.4,,,12.1,23.2,120.0,"Wholegrain Oat Flakes (67%), Rapeseed Oil, Nuts (8%) [Pecan Nut Pieces, Walnut Pieces, Almond Pieces], Seeds (6%) [Sunflower, Pumpkin], Desiccated Coconut, Maple Syrup (2%), Chicory Fibre, Natural Flavouring, Sea Salt, Fructose.","{'carbs_g': '50.7g', 'fiber_g': '9.2g', 'sugar_g': '2.4g', 'added_sugar_g': 'not listed', 'sugar_alcohols_g': 'not listed', 'protein_g': '12.1g', 'fat_g': '23.2g', 'sodium_mg': '120mg'}",41.5,
Classic Torinesi Breadsticks,Crosta & Mollica,5060198640261,openfoodfacts,2025-09-12T17:50:33.075921+00:00,cereal,cereal,100.0,402.0,75.0,1.2,2.8,,,19.8,6.5,840.0,"Wheat Flour, Extra Virgin Olive Oil (7%), Malted Barley Flour, Salt, Yeast.","{'carbs_g': '75.0g', 'fiber_g': '1.2g', 'sugar_g': '2.8g', 'added_sugar_g': 'not listed', 'sugar_alcohols_g': 'not listed', 'protein_g': '19.8g', 'fat_g': '6.5g', 'sodium_mg': '840mg'}",73.8,
Organic Piadina 4 Wholeblend Flatbreads with Extra Virgin Olive Oil,Crosta & Mollica,5060198641251,openfoodfacts,2025-09-12T17:50:31.969901+00:00,cereal,cereal,100.0,305.0,47.0,4.5,1.0,,,7.8,8.5,640.0,"Wholemeal Wheat Flour (35%)*, Wheat Flour&quot;, Water, Extra Virgin Olive Oil (8%)*, Salt. Organic.","{'carbs_g': '47.0g', 'fiber_g': '4.5g', 'sugar_g': '1.0g', 'added_sugar_g': 'not listed', 'sugar_alcohols_g': 'not listed', 'protein_g': '7.8g', 'fat_g': '8.5g', 'sodium_mg': '640mg'}",42.5,
Peter's Yard Original Sourdough Crackers,Peter's Yard,5060198820052,openfoodfacts,2025-09-09T20:08:23.457657,cereal,cereal,100.0,11.0,2.1,0.2,0.1,,,0.4,0.1,40.0,"_Milk_, _rye_ flour, _wheat_ flour, sourdough 11.5% (_rye_ flour, water), _wholewheat_ flour, honey, salt, yeast.","{'carbs_g': '2.1g', 'fiber_g': '0.2g', 'sugar_g': '0.1g', 'added_sugar_g': 'not listed', 'sugar_alcohols_g': 'not listed', 'protein_g': '0.4g', 'fat_g': '0.1g', 'sodium_mg': '40mg'}",1.9,
Thai Hom Mali Rice,,5096160330137,openfoodfacts,2025-09-09T20:03:15.465608,grain,rice,50.0,170.0,39.0,1.0,,,,3.0,0.0,0.0,,"{'carbs_g': '39.0g', 'fiber_g': '1.0g', 'sugar_g': 'not listed', 'added_sugar_g': 'not listed', 'sugar_alcohols_g': 'not listed', 'protein_g': '3.0g', 'fat_g': '0g', 'sodium_mg': '0mg'}",38.0,
Super Soft Wholemeal medium sliced,Trader Joe's,514316,openfoodfacts,2025-09-12T18:52:02.925976+00:00,bread,bread,74.0,165.0,32.0,6.6,4.8,,,10.0,1.6,0.0,"Whole grain rolled oats, whole grain rolled wheat, rolled barley, whole grain rolled rye, sugar, chia, dried strawberries, dried raspberries, dried blueberries, whole flaxseed, salt, natural flavors.","{'carbs_g': '32.0g', 'fiber_g': '6.6g', 'sugar_g': '4.8g', 'added_sugar_g': 'not listed', 'sugar_alcohols_g': 'not listed', 'protein_g': '10.0g', 'fat_g': '1.6g', 'sodium_mg': '0mg'}",25.4,plant-based-foods-and-beverages|plant-based-foods|cereals-and-potatoes|breads|sliced-breads
Schweppes,Schweppes,5449000046413,openfoodfacts,2025-09-09T20:09:54.324448,drink,drink,330.0,0.263,0.0599,0.0266,0.0585,,,0.0133,0.0,0.213,"EAU GAZEIFIEE, SUCRE, JUS DE CITRON, CONSERVATEUR: E202, EMULSIFIANT: E414, ACIDIFIANT: E300, MMIES, COLORANT: E104. MISE EN BOÎTE PAR COBOMI, TECHNOPOLE BROPORT MOHAMED V-Z.I. NOUACEUR - CASABLANCA - MAROC, AUT.S/ONSSA 1:86.1.7.14, POUR LE COMPTE DE LA SOCIETE CENTRALE DES BOISSONS GAZEUSES S.A., BD AHL LOGHLAM, EX ROUTE 1015 TIT MELLIL, CASABLANCA, SCHWEPPES 1783 SONT DES MARQUES D'ATLANTIC INDUSTRIES © 2017. MAROC. SOUS L'AUTORITE DE SCHWEPPES HOLDINGS LIMITED. SCHWEPPES ET","{'carbs_g': '0.1g', 'fiber_g': '0.0g', 'sugar_g': '0.1g', 'added_sugar_g': 'not listed', 'sugar_alcohols_g': 'not listed', 'protein_g': '0.0g', 'fat_g': '0g', 'sodium_mg': '0mg'}",0.0333,
Coca-Cola Zero,Coca-Cola,5449000214799,openfoodfacts,2025-09-09T20:09:36.422018,drink,drink,330.0,0.99,0.0,,0.0,,,0.0,0.0,13.2,"carbonated water, colouring (e150d), acidifier (phosphoric acid), sweeteners (aspartame, acesulfame-k), natural flavors, caffeine aroma, acidity regulator (sodium citrates)","{'carbs_g': '0g', 'fiber_g': 'not listed', 'sugar_g': '0g', 'added_sugar_g': 'not listed', 'sugar_alcohols_g': 'not listed', 'protein_g': '0g', 'fat_g': '0g', 'sodium_mg': '13mg'}",0.0,
Ready Rice Long Grain & Wild with Herbs and Seasonings,Ben's Original,54800423316,openfoodfacts,2025-09-09T20:02:59.566012,grain,rice,136.0,200.0,39.0,0.952,1.01,0.396,,5.0,2.5,460.0,"Water, Parboiled Long Grain Rice, Wild Rice, Less Than 2% Of: Canola Oil, Yeast Extract, Salt, Onion*, Sugar, Torula Yeast, Garlic*, Natural Flavors, Spices, Parsley*, Spinach*, Sunflower Oil, Citric Acid, Maltodextrin, Mushroom*, Vitamins And Minerals [Calcium (Calcium Carbonate), Iron (Iron Phosphate), Vitamin B3 (Niacinamide), Vitamin B1 (Thiamine Mononitrate), Folic Acid], Celery*, *Dried, Adds A Trivial Amount Of Saturated Fat","{'carbs_g': '39.0g', 'fiber_g': '1.0g', 'sugar_g': '1.0g', 'added_sugar_g': '0.4g', 'sugar_alcohols_g': 'not listed', 'protein_g': '5.0g', 'fat_g': '2.5g', 'sodium_mg': '460mg'}",38.048,
Ben’s original ready rice Spanish style,Ben's Original,54800423323,openfoodfacts,2025-09-09T20:02:55.510328,grain,rice,250.0,360.0,71.0,3.0,4.0,,,7.0,5.0,750.0,"eneral hutrilion advice. vitamin b3 (niacinamide), vitamin b1 (thiamine mononitrate) folic acidi sa","{'carbs_g': '71.0g', 'fiber_g': '3.0g', 'sugar_g': '4.0g', 'added_sugar_g': 'not listed', 'sugar_alcohols_g': 'not listed', 'protein_g': '7.0g', 'fat_g': '5.0g', 'sodium_mg': '750mg'}",68.0,
Ready Rice - Butter & Garlic,Ben’s Original,54800423378,openfoodfacts,2025-09-09T20:02:57.867043,grain,rice,250.0,360.0,71.0,2.0,1.0,1.0,,7.0,6.0,670.0,"sunflower lecithin, milk fat, dried skim milk, turmeric extract (color), vitamin b1 (thiamine mononitrate), folic acid], whey*, mono and digly cerides, [calcium (calcium carbonate), iron (iron phosphate), vitamin b3 nacinamide), (contains milk), whole milk&quot;, garlic*, turmeric (color), vitamns and minerals oil, autolyzed yeast, corn syrup*, sugar, sunflower oil natural flavors canola oil, modified corn starch, salt, maltodextrin, yeast extract, coconut * the % daily value (dv) tells you how much a nutrient in a serving df food contains bioengineered food ingredients. ingredients water, parboiled long grain rice","{'carbs_g': '71.0g', 'fiber_g': '2.0g', 'sugar_g': '1.0g', 'added_sugar_g': '1.0g', 'sugar_alcohols_g': 'not listed', 'protein_g': '7.0g', 'fat_g': '6.0g', 'sodium_mg': '670mg'}",69.0,
bens original jasmine rice,Ben's original,54800424313,openfoodfacts,2025-09-09T20:03:01.108016,grain,rice,100.0,0.0,,,,,,,,0.0,,"{'carbs_g': 'not listed', 'fiber_g': 'not listed', 'sugar_g': 'not listed', 'added_sugar_g': 'not listed', 'sugar_alcohols_g': 'not listed', 'protein_g': 'not listed', 'fat_g': 'not listed', 'sodium_mg': '0mg'}",0.0,
Chinese style five spice,Ben’s Original,54800425402,openfoodfacts,2025-09-09T20:03:00.338647,grain,rice,100.0,210.0,39.0,6.0,2.0,0.0,,5.0,3.5,210.0,"water, whole grain barley, whole grain brown rice, carrots, corn, green beans, peas, ginger, sunflower oil, soybean oil, red bell peppers, mushroom powder, maltodextrin, mushroom extract, onions, garlic, yeast extract, soy sauce powder, salt, green chilies, ground fennel, ground star anise, ground white pepper, ground cinnamon, ground clove","{'carbs_g': '39.0g', 'fiber_g': '6.0g', 'sugar_g': '2.0g', 'added_sugar_g': '0g', 'sugar_alcohols_g': 'not listed', 'protein_g': '5.0g', 'fat_g': '3.5g', 'sodium_mg': '210mg'}",33.0,
Ben's Original Caribbean Style,Ben's Original,54800425419,openfoodfacts,2025-09-09T20:03:06.414022,grain,rice,240.0,420.0,70.0,14.0,4.0,0.0,,12.0,11.0,480.0,"water, whole grain barley, whole grain brown rice, coconut milk (coconut extract, water), carrots, peas, red bell peppers, red kidney beans, tomato paste, sunflower oil and/or soybean oilt","{'carbs_g': '70.0g', 'fiber_g': '14.0g', 'sugar_g': '4.0g', 'added_sugar_g': '0g', 'sugar_alcohols_g': 'not listed', 'protein_g': '12.0g', 'fat_g': '11.0g', 'sodium_mg': '480mg'}",56.0,
Tikka masala,Uncle ben's,54800425648,openfoodfacts,2025-09-09T20:03:28.313509,grain,rice,240.0,240.0,45.0,1.0,2.0,1.0,,5.0,4.5,480.0,"WATER, BASMATI RICE, CANOLA OILT; LESS THAN 2% OF: SUGAR, SALT, SOY LECITHIN, TOMATO POWDER, DEHYDRATED ONION, SPICES, DEHYDRATED GARLIC, TURMERIC (COLOR), CHILI PEPPER, MALTODEXTRIN, PAPRIKA EXTRACT (COLOR), BUTTER OIL, CITRIC ACID, YEAST EXTRACT, NATURAL FLAVORS, NATURAL SMOKE FLAVOR. †","{'carbs_g': '45.0g', 'fiber_g': '1.0g', 'sugar_g': '2.0g', 'added_sugar_g': '1.0g', 'sugar_alcohols_g': 'not listed', 'protein_g': '5.0g', 'fat_g': '4.5g', 'sodium_mg': '480mg'}",44.0,
Finvalsede havregryn,REMA 1000,5705830016553,openfoodfacts,2025-09-09T20:02:43.550573,grain,oats,100.0,366.0,57.0,9.9,1.0,,,14.0,6.9,4.0,Finvalsede havregryn,"{'carbs_g': '57.0g', 'fiber_g': '9.9g', 'sugar_g': '1.0g', 'added_sugar_g': 'not listed', 'sugar_alcohols_g': 'not listed', 'protein_g': '14.0g', 'fat_g': '6.9g', 'sodium_mg': '4mg'}",47.1,
Sesame Honey Cashews,Trader Joe's,570688,openfoodfacts,2025-09-12T18:33:40.637433+00:00,nut,nuts-seeds,30.0,159.9,14.01,0.999,9.99,26.6666666666667,,5.01,9.99,69.9,"CASHEWS, SESAME SEEDS, SUGAR, BUTTER (MILK), SALT, HONEY, COCOA POWDER","{'carbs_g': '14.0g', 'fiber_g': '1.0g', 'sugar_g': '10.0g', 'added_sugar_g': '26.7g', 'sugar_alcohols_g': 'not listed', 'protein_g': '5.0g', 'fat_g': '10.0g', 'sodium_mg': '70mg'}",13.011,nuts-and-seeds
Original Regenerative Instant Hot Oatmeal imp,Nature's Path,58449450016,openfoodfacts,2025-09-09T20:02:41.131167,grain,oats,50.0,190.0,34.0,6.0,1.0,,,8.0,3.0,0.0,Rolled oats*.,"{'carbs_g': '34.0g', 'fiber_g': '6.0g', 'sugar_g': '1.0g', 'added_sugar_g': 'not listed', 'sugar_alcohols_g': 'not listed', 'protein_g': '8.0g', 'fat_g': '3.0g', 'sodium_mg': '0mg'}",28.0,
Heritage Flakes Cereal,Nature’s Path,58449770206,openfoodfacts,2025-09-09T20:06:14.789369,cereal,cereal,40.0,160.0,31.0,7.0,5.0,5.0,,5.0,1.5,170.0,"Kamut khorasan wheat flour*, wheat bran*, whole wheat meal*, cane sugar*, whole oat flour*, spelt flour*, barley flour*, whole millet*, barley malt extract*, quinoa*, sea salt, honey*.","{'carbs_g': '31.0g', 'fiber_g': '7.0g', 'sugar_g': '5.0g', 'added_sugar_g': '5.0g', 'sugar_alcohols_g': 'not listed', 'protein_g': '5.0g', 'fat_g': '1.5g', 'sodium_mg': '170mg'}",24.0,
Pumpkin Seed & Flax,Natures Path Organic,58449770565,openfoodfacts,2025-09-09T20:06:13.085276,nut,nuts-seeds,55.0,260.15,37.015,3.998,10.01,9.02,,5.995,10.01,44.99,"Whole grain rolled oats*, cane sugar, soy oil*, brown rice flour pumpkin seeds, flax seeds* oat syrup solids* [oat syrup solids*, tocopherols (added to enhance freshness)], sea salt, molasses*, cinnamon*. *Organic. Contains soy. Produced in a facility that uses wheat, peanuts and tree nuts. VEGAN Contains 700 mg of ALA per serving, which is 44% of the 1.6 g Daily Value for ALA.","{'carbs_g': '37.0g', 'fiber_g': '4.0g', 'sugar_g': '10.0g', 'added_sugar_g': '9.0g', 'sugar_alcohols_g': 'not listed', 'protein_g': '6.0g', 'fat_g': '10.0g', 'sodium_mg': '45mg'}",33.017,
Organic White Quinoa,Trader Joe's,599412,openfoodfacts,2025-09-09T20:03:42.557661,grain,quinoa,42.0,150.0,27.0,3.0,1.0,0.0,,6.0,2.5,0.0,Organic white quinoa,"{'carbs_g': '27.0g', 'fiber_g': '3.0g', 'sugar_g': '1.0g', 'added_sugar_g': '0g', 'sugar_alcohols_g': 'not listed', 'protein_g': '6.0g', 'fat_g': '2.5g', 'sodium_mg': '0mg'}",24.0,
Cinnamon Oat Granola with Flax Seeds,KIND Healthy Grains,602652171840,openfoodfacts,2025-09-12T18:38:47.977139+00:00,nut,nuts-seeds,65.0,240.0,42.0,9.0,10.0,6.15384615384615,,6.0,7.0,35.0,"Oats, cane sugar, brown rice, chicory root fiber. flax seed, canola oil, buckwheat, millet, amaranth, molasses. cinnamon, quinoa, brown rice syrup, sea salt, Vitamin E","{'carbs_g': '42.0g', 'fiber_g': '9.0g', 'sugar_g': '10.0g', 'added_sugar_g': '6.2g', 'sugar_alcohols_g': 'not listed', 'protein_g': '6.0g', 'fat_g': '7.0g', 'sodium_mg': '35mg'}",33.0,plant-based-foods-and-beverages|plant-based-foods|breakfasts|cereals-and-potatoes|seeds|cereals-and-their-products|breakfast-cereals|cereal-grains
Almonds,Alesto Lidl,6104696,openfoodfacts,2025-09-09T20:06:51.493182,nut,nuts-seeds,30.0,186.0,1.44,3.63,1.44,,,7.35,16.0,0.0,,"{'carbs_g': '1.4g', 'fiber_g': '3.6g', 'sugar_g': '1.4g', 'added_sugar_g': 'not listed', 'sugar_alcohols_g': 'not listed', 'protein_g': '7.3g', 'fat_g': '16.0g', 'sodium_mg': '0mg'}",0.0,
Ain Saiss Eau Minerale Naturelle,Danone,6111128000163,openfoodfacts,2025-09-09T20:09:35.476567,drink,drink,100.0,0.0,0.0,,0.0,,,0.0,0.0,0.0,"calcium : 63,5
magnésium : 35,5
nitratex : 7
sodium 8
chlorures : 19,8
sulfate : 3,8
bicarbonate : 372
potassium : 1","{'carbs_g': '0g', 'fiber_g': 'not listed', 'sugar_g': '0g', 'added_sugar_g': 'not listed', 'sugar_alcohols_g': 'not listed', 'protein_g': '0g', 'fat_g': '0g', 'sodium_mg': '0mg'}",0.0,
Eau minérale naturelle,Marwa,6194001800722,openfoodfacts,2025-09-09T20:10:11.713454,drink,drink,100.0,0.0,,,,,,,,0.0436,eau minérale naturelle,"{'carbs_g': 'not listed', 'fiber_g': 'not listed', 'sugar_g': 'not listed', 'added_sugar_g': 'not listed', 'sugar_alcohols_g': 'not listed', 'protein_g': 'not listed', 'fat_g': 'not listed', 'sodium_mg': '0mg'}",0.0,
Yellow Label Tea,Lipton,6221048700705,openfoodfacts,2025-09-09T20:10:06.979120,drink,drink,2.0,0.04,0.01,,0.01,,,0.0032,0.0,0.0,black tea,"{'carbs_g': '0.0g', 'fiber_g': 'not listed', 'sugar_g': '0.0g', 'added_sugar_g': 'not listed', 'sugar_alcohols_g': 'not listed', 'protein_g': '0.0g', 'fat_g': '0g', 'sodium_mg': '0mg'}",0.01,
Mini Hold the Cone! Ice Cream Cones Chocolate Chip,Trader Joe's,628341,openfoodfacts,2025-09-09T20:07:59.369074,dessert,ice-cream,84.0,280.0,35.0,2.0,22.0,20.0,,4.0,13.0,100.0,"ICE CREAM (MILK, CREAM, CANE SUGAR, CONDENSED SKIM MILK, WHEY, EGG YOLKS, GUAR GUM, CAROB BEAN GUM, CARRAGEENAN, NATURAL FLAVORS, SUGAR), CHOCOLATE MINI CONE (WHEAT FLOUR, SUGAR, COCOA PROCESSED WITH ALKALI, SOYBEAN OIL, SOY LECITHIN, NATURAL FLAVORS, SALT), CONFECTIONERY COATING (CANE SUGAR, COCONUT OIL, COCOA MASS, COCOA PROCESSED WITH ALKALI, CALCIUM CARBONATE, COCOA BUTTER, SOY LECITHIN, NATURAL VANILLA FLAVOR), SEMISWEET CHOCOLATE CHIPS (CANE SUGAR, COCOA MASS, COCOA BUTTER, SOY LECITHIN [EMULSIFIER]), COCONUT OIL. CONTAINS MILK, EGG, SOY, WHEAT, COCONUT.","{'carbs_g': '35.0g', 'fiber_g': '2.0g', 'sugar_g': '22.0g', 'added_sugar_g': '20.0g', 'sugar_alcohols_g': 'not listed', 'protein_g': '4.0g', 'fat_g': '13.0g', 'sodium_mg': '100mg'}",33.0,
Finn Crisp - Original,Finn Crisp,6410500090014,openfoodfacts,2025-09-12T17:50:47.191743+00:00,cereal,cereal,25.0,87.5,15.2,5.0,0.4,,,2.5,0.65,140.0,"Whole grain rye flour, sourdough 25% (whole grain rye flour, water), salt, yeast, soy lecithin.","{'carbs_g': '15.2g', 'fiber_g': '5.0g', 'sugar_g': '0.4g', 'added_sugar_g': 'not listed', 'sugar_alcohols_g': 'not listed', 'protein_g': '2.5g', 'fat_g': '0.7g', 'sodium_mg': '140mg'}",10.2,
Mini Ravioli,Chef Boyardee,64144043064,openfoodfacts,2025-09-09T20:05:19.465479,grain,pasta-noodles,425.0,320.0,58.0,4.0,9.0,,,10.0,6.0,1.32,"Water, Tomato puree (water, tomato paste), Enriched wheat flour, Beef, Toasted wheat crumbs, Sugars (sugar/glucose-fructose), Salt, Modified corn starch, Soybean oil, Textured vegetable protein (soy flour, soy protein concentrate, caramel), Carrots, Dehydrated onions, Processed cheese spread, Caramel, Citric acid, Spice extracts.","{'carbs_g': '58.0g', 'fiber_g': '4.0g', 'sugar_g': '9.0g', 'added_sugar_g': 'not listed', 'sugar_alcohols_g': 'not listed', 'protein_g': '10.0g', 'fat_g': '6.0g', 'sodium_mg': '1mg'}",54.0,
Spaghetti & Meatballs,Chef Boyardee,64144043224,openfoodfacts,2025-09-09T20:05:10.215360,grain,pasta-noodles,411.0,410.0,49.0,3.0,10.0,1.21654501216545,,14.0,17.0,1240.0,"Water, Cooked spaghetti (water, durum wheat semolina, wheat gluten, glyceryl monostearate), Tomato puree, Pork, Ground chicken, Sugars (sugar/glucose-fructose), Toasted wheat crumbs, Seasoned beef, Modified corn starch, Salt, Soy protein concentrate, Sea salt, Dehydrated onions, Potassium chloride, Hydrolyzed protein (corn, wheat gluten, soy), Citric acid, Caramel, Spice extract, Ammonium chloride, Processed cheese spread (milk), Flavour, Yeast extract, Soybean oil, Lactic acid.","{'carbs_g': '49.0g', 'fiber_g': '3.0g', 'sugar_g': '10.0g', 'added_sugar_g': '1.2g', 'sugar_alcohols_g': 'not listed', 'protein_g': '14.0g', 'fat_g': '17.0g', 'sodium_mg': '1240mg'}",46.0,
Sesame Honey Almonds,Trader Joe's,649056,openfoodfacts,2025-09-12T18:33:40.062029+00:00,nut,nuts-seeds,30.0,180.0,10.0,2.0,6.0,5.0,,6.0,12.0,45.0,"ALMONDS, SESAME SEEDS, SUGAR, BUTTER (MILK), SALT, HONEY, COCOA POWDER","{'carbs_g': '10.0g', 'fiber_g': '2.0g', 'sugar_g': '6.0g', 'added_sugar_g': '5.0g', 'sugar_alcohols_g': 'not listed', 'protein_g': '6.0g', 'fat_g': '12.0g', 'sodium_mg': '45mg'}",8.0,nuts-and-seeds
Red Quinoa,Happy Andes,653981866204,openfoodfacts,2025-09-09T20:03:53.603142,grain,quinoa,100.0,180.0,29.0,3.0,2.0,,,8.0,4.0,0.0,,"{'carbs_g': '29.0g', 'fiber_g': '3.0g', 'sugar_g': '2.0g', 'added_sugar_g': 'not listed', 'sugar_alcohols_g': 'not listed', 'protein_g': '8.0g', 'fat_g': '4.0g', 'sodium_mg': '0mg'}",26.0,
Organic Dry Roasted & Salted Pistachios,Thrive Market,671635702586,openfoodfacts,2025-09-12T18:35:34.942472+00:00,nut,nuts-seeds,100.0,0.0,,,,,,,,0.0,"ORGANIC PISTACHIOS IN SHELL, SALT, CONTAINS: PISTACHIOS.","{'carbs_g': 'not listed', 'fiber_g': 'not listed', 'sugar_g': 'not listed', 'added_sugar_g': 'not listed', 'sugar_alcohols_g': 'not listed', 'protein_g': 'not listed', 'fat_g': 'not listed', 'sodium_mg': '0mg'}",0.0,nuts-and-seeds
Organic Super Bread,Marks & Spencer,671729,openfoodfacts,2025-09-12T18:52:20.002526+00:00,bread,bread,64.0,240.0,24.0,5.0,3.0,1.0,,9.0,13.0,200.0,"WATER, ORGANIC WHEAT FLOUR, ORGANIC PUMPKIN SEEDS, ORGANIC FLAX SEEDS, ORGANIC SUNFLOWER SEEDS, ORGANIC WHOLE WHEAT FLOUR, ORGANIC CARROTS, ORGANIC RYE FLOUR, CONTAINS 2% OR LESS OF YEAST, ORGANIC SUGAR, ORGANIC DRIED APPLE, ORGANIC WHEAT GLUTEN, SEA SALT, ORGANIC ROLLED OATS, ORGANIC MILLET, ORGANIC SESAME SEEDS, ORGANIC HIGH-OLEIC SAFFLOWER OIL DOUGH CONDITIONER (CALCIUM SULFATE, SEA SALT, ASCORBIC ACID, ENZYMES), ORGANIC WHEAT STARCH, LACTIC ACID STARTER CULTURE, ORGANIC DRIED BANANA. AC","{'carbs_g': '24.0g', 'fiber_g': '5.0g', 'sugar_g': '3.0g', 'added_sugar_g': '1.0g', 'sugar_alcohols_g': 'not listed', 'protein_g': '9.0g', 'fat_g': '13.0g', 'sodium_mg': '200mg'}",19.0,plant-based-foods-and-beverages|plant-based-foods|cereals-and-potatoes|breads
SPROUTED ROLLED OATS,One Degree Organic Foods,675625371189,openfoodfacts,2025-09-09T20:06:25.276696,grain,oats,52.0,200.0,34.0,6.0,,,,7.0,3.5,0.0,sprouted organic gluten-free oats,"{'carbs_g': '34.0g', 'fiber_g': '6.0g', 'sugar_g': 'not listed', 'added_sugar_g': 'not listed', 'sugar_alcohols_g': 'not listed', 'protein_g': '7.0g', 'fat_g': '3.5g', 'sodium_mg': '0mg'}",28.0,
Gluten free sprouted quick oats,One Degree Organic Foods,675625372070,openfoodfacts,2025-09-09T20:02:45.440589,grain,oats,51.0,200.0,34.0,5.0,0.0,,,7.0,3.5,0.0,Gluten free Oats,"{'carbs_g': '34.0g', 'fiber_g': '5.0g', 'sugar_g': '0g', 'added_sugar_g': 'not listed', 'sugar_alcohols_g': 'not listed', 'protein_g': '7.0g', 'fat_g': '3.5g', 'sodium_mg': '0mg'}",29.0,
Tri-Color Quinoa,Nature's Earthly Choice,679948100730,openfoodfacts,2025-09-09T20:03:52.835474,grain,quinoa,43.0,160.0,27.0,3.0,2.0,,,6.0,2.5,0.0,"ORGANIC WHITE QUINOA, ORGANIC RED QUINOA, ORGANIC BLACK QUINOA","{'carbs_g': '27.0g', 'fiber_g': '3.0g', 'sugar_g': '2.0g', 'added_sugar_g': 'not listed', 'sugar_alcohols_g': 'not listed', 'protein_g': '6.0g', 'fat_g': '2.5g', 'sodium_mg': '0mg'}",24.0,
Pure Life,Nestlé,6827465,openfoodfacts,2025-09-09T20:09:49.479459,drink,drink,479.107,0.0,0.0,,,,,0.0,0.0,0.0,"purified water, calcium chloride, sodium bicarbonate, magnesium sulfate,","{'carbs_g': '0g', 'fiber_g': 'not listed', 'sugar_g': 'not listed', 'added_sugar_g': 'not listed', 'sugar_alcohols_g': 'not listed', 'protein_g': '0g', 'fat_g': '0g', 'sodium_mg': '0mg'}",0.0,
Quick Oats,Northern Golden,69535667058,openfoodfacts,2025-09-09T20:02:51.848229,grain,oats,200.0,750.0,135.0,8.0,5.0,,,25.0,12.5,0.0,Whole Grain Rolled Oats.,"{'carbs_g': '135.0g', 'fiber_g': '8.0g', 'sugar_g': '5.0g', 'added_sugar_g': 'not listed', 'sugar_alcohols_g': 'not listed', 'protein_g': '25.0g', 'fat_g': '12.5g', 'sodium_mg': '0mg'}",127.0,
MEGA OMEGA,POWER UP,708747151930,openfoodfacts,2025-09-09T20:07:01.275084,nut,nuts-seeds,30.0,140.0,16.0,2.0,11.0,5.0,,3.0,8.0,0.0,"dried cranberries (cranberries, sugar, sunflower oil), dried mango (mango, sugar, citric acid), roasted almonds (almonds, sunflower and/or canola oil), walnuts, pumpkin seeds,","{'carbs_g': '16.0g', 'fiber_g': '2.0g', 'sugar_g': '11.0g', 'added_sugar_g': '5.0g', 'sugar_alcohols_g': 'not listed', 'protein_g': '3.0g', 'fat_g': '8.0g', 'sodium_mg': '0mg'}",14.0,
natural vanilla bean,Blue Bell Ice Cream,71899835486,openfoodfacts,2025-09-09T20:07:53.115185,dessert,ice-cream,102.0,280.0,31.0,1.0,21.0,16.0,,5.0,16.0,120.0,"milk, cream, sugar, skim milk, natural vanilla flavor, natural vanilla beans, natural vegetable gums (guar, carob bean).","{'carbs_g': '31.0g', 'fiber_g': '1.0g', 'sugar_g': '21.0g', 'added_sugar_g': '16.0g', 'sugar_alcohols_g': 'not listed', 'protein_g': '5.0g', 'fat_g': '16.0g', 'sodium_mg': '120mg'}",30.0,
Jasmine Brown Rice,Harris Teeter,72036726193,openfoodfacts,2025-09-09T20:03:17.846185,grain,rice,45.0,160.0,34.0,2.0,,,,3.0,1.0,0.0,WHOLE GRAIN BROWN THAI HOM MALI JASMINE RICE,"{'carbs_g': '34.0g', 'fiber_g': '2.0g', 'sugar_g': 'not listed', 'added_sugar_g': 'not listed', 'sugar_alcohols_g': 'not listed', 'protein_g': '3.0g', 'fat_g': '1.0g', 'sodium_mg': '0mg'}",32.0,
Quinoa,Harris Teeter,72036736970,openfoodfacts,2025-09-09T20:03:48.863101,grain,quinoa,45.0,0.0,,,,,,,,0.0,"white,black and red quinoa","{'carbs_g': 'not listed', 'fiber_g': 'not listed', 'sugar_g': 'not listed', 'added_sugar_g': 'not listed', 'sugar_alcohols_g': 'not listed', 'protein_g': 'not listed', 'fat_g': 'not listed', 'sodium_mg': '0mg'}",0.0,
Quinoa Organic White,Sarita,720579710130,openfoodfacts,2025-09-09T20:04:03.045892,grain,quinoa,100.0,395.3488372093,67.441860465116,9.3023255813953,9.3023255813953,,,11.627906976744,6.9767441860465,0.0,,"{'carbs_g': '67.4g', 'fiber_g': '9.3g', 'sugar_g': '9.3g', 'added_sugar_g': 'not listed', 'sugar_alcohols_g': 'not listed', 'protein_g': '11.6g', 'fat_g': '7.0g', 'sodium_mg': '0mg'}",58.13953488372069,
Thick Sliced Multigrain Bread,Nature's Own,72250020756,openfoodfacts,2025-09-12T18:51:36.448278+00:00,bread,bread,84.0,261.904761904762,50.0,2.38095238095238,7.14285714285714,7.14285714285714,,9.52380952380952,4.76190476190476,0.523809523809524,"UNBLEACHED ENRICHED FLOUR (WHEAT FLOUR MALTED BARLEY FLOUR, NIACIN, REDUCED IRON, THIAMIN MONONITRATE, RIBOFLAVIN, FOLIC ACID), WATER, FERMENTED RYE FLOUR, FERMENTED WHEAT FLOUR, SUGAR, YEAST, CONTAINS 2% OR LESS OF EACH OF THE FOLLOWING: SOYBEAN OIL, SALT WHEAT GLUTEN, BROWN SUGAR, FLAX SEED, MILLET, SUNFLOWER SEEDS, WHOLE OAT GROATS, SPROUTED RYE GRAINS, SPROUTED TRITICALE GRAINS, SPROUTED WHEAT GRAINS, CULTURED WHEAT FLOUR, SUNFLOWER LECITHIN, VINEGAR, CRACKED WHEAT, DRIED MOLASSES, MONOCALCIUM PHOSPHATE, ENZYMES, ASCORBIC 490-022422 ACID, SOY LECITHIN.","{'carbs_g': '50.0g', 'fiber_g': '2.4g', 'sugar_g': '7.1g', 'added_sugar_g': '7.1g', 'sugar_alcohols_g': 'not listed', 'protein_g': '9.5g', 'fat_g': '4.8g', 'sodium_mg': '1mg'}",47.61904761904762,plant-based-foods-and-beverages|plant-based-foods|cereals-and-potatoes|cereals-and-their-products|flours|cereal-flours|breads|wheat-flours|bread-flours|sliced-breads|wheat-bread-flour
Honey Wheat,Nature's Own,72250037068,openfoodfacts,2025-09-12T18:49:02.190800+00:00,bread,bread,26.0,70.0,14.0,1.0,2.0,2.0,,3.0,0.5,120.0,"UNBLEACHED ENRICHED FLOUR (WHEAT FLOUR, MALTED BARLEY FLOUR, NIACIN, REDUCED IRON, THIAMIN MONONITRATE, RIBOFLAVIN, FOLIC ACID), WATER, WHOLE WHEAT FLOUR, HONEY, WHEAT GLUTEN, SUGAR, WHEAT BRAN, YEAST, CULTURED WHEAT FLOUR, SALT, SOY - BEAN OIL, SOY FLOUR, CALCIUM SULFATE, MONOGLYCERIDES, ENZYMES, MONOCALCIUM PHOSPHATE, SOY LECITHIN, ASCORBIC ACID, NIACIN, REDUCED IRON, THIAMIN MONONITRATE (VITAMIN B1), RIBOFLAVIN, FOLIC ACID, CALCIUM CARBONATE.","{'carbs_g': '14.0g', 'fiber_g': '1.0g', 'sugar_g': '2.0g', 'added_sugar_g': '2.0g', 'sugar_alcohols_g': 'not listed', 'protein_g': '3.0g', 'fat_g': '0.5g', 'sodium_mg': '120mg'}",13.0,plant-based-foods-and-beverages|plant-based-foods|cereals-and-potatoes|cereals-and-their-products|breads|sliced-breads|wholemeal-breads|wholemeal-sliced-breads
100% Whole Wheat,Nature's Own,72250037129,openfoodfacts,2025-09-12T18:49:05.919490+00:00,bread,bread,26.0,60.0,12.0,2.0,1.0,1.0,,3.0,0.5,120.0,"WHOLE WHEAT FLOUR, WATER, YEAST, BROWN SUGAR, WHEAT GLUTEN, SALT, CULTURED WHEAT FLOUR, SOYBEAN OIL, VINEGAR, DISTILLED MONOGLYCERIDES, ENZYMES, MONOCALCIUM PHOSPHATE, ASCORBIC ACID, SOY LECITHIN, WHEAT BRAN.","{'carbs_g': '12.0g', 'fiber_g': '2.0g', 'sugar_g': '1.0g', 'added_sugar_g': '1.0g', 'sugar_alcohols_g': 'not listed', 'protein_g': '3.0g', 'fat_g': '0.5g', 'sodium_mg': '120mg'}",10.0,plant-based-foods-and-beverages|plant-based-foods|cereals-and-potatoes|breads|sliced-breads|white-breads|wheat-breads
Butterbread,Nature's Own,72250049191,openfoodfacts,2025-09-09T20:09:01.587987,cereal,cereal,26.0,60.0,12.0,,1.999,1.999,,2.0,0.0,100.1,"unbleached enriched flour (wheat flour, malted barley flour, niacin, reduced iron, thiamin mononitrate, riboflavin, folic acid), water, sugar, contains 2% or less of each of the following, yeast, soy flour, butter (made from milk), monoglycerides, ascorbic acid, enzymes, wheat gluten, salt, calcium sulfate, cultured wheat flour, vinegar, monocalcium phosphate, soy lecithin, calcium carbonate,","{'carbs_g': '12.0g', 'fiber_g': 'not listed', 'sugar_g': '2.0g', 'added_sugar_g': '2.0g', 'sugar_alcohols_g': 'not listed', 'protein_g': '2.0g', 'fat_g': '0g', 'sodium_mg': '100mg'}",12.0,
Quinoa & Brown Rice Blend Roasted Red Pepper & Basil,Near East,72251020069,openfoodfacts,2025-09-09T20:03:59.638302,grain,rice,70.0,270.0,53.0,3.99,1.0,,,8.0,2.0,0.388,"Quinoa, Precooked Parboiled Long Grain Brown Rice, Red Bell Pepper (Dried), Salt, Yeast Extract, Garlic Powder, Tomato Powder, Basil (Dried), Potato Maltodextrin, Onion Powder, Sugar, Natural Flavor (Contains Soy and Wheat), Citric Acid, Black Pepper, Maltodextrin. CONTAINS SOY AND WHEAT INGREDIENTS.","{'carbs_g': '53.0g', 'fiber_g': '4.0g', 'sugar_g': '1.0g', 'added_sugar_g': 'not listed', 'sugar_alcohols_g': 'not listed', 'protein_g': '8.0g', 'fat_g': '2.0g', 'sodium_mg': '0mg'}",49.01,
Quick & Easy Steel Cut Irish Oatmeal,McCann's,72463000354,openfoodfacts,2025-09-09T20:02:21.104980,grain,oats,40.0,150.0,27.0,3.0,1.0,,,4.0,2.5,0.0,whole grain oats,"{'carbs_g': '27.0g', 'fiber_g': '3.0g', 'sugar_g': '1.0g', 'added_sugar_g': 'not listed', 'sugar_alcohols_g': 'not listed', 'protein_g': '4.0g', 'fat_g': '2.5g', 'sodium_mg': '0mg'}",24.0,
Alden's organic strawberry ice cream,Oregon Ice Cream,72609741844,openfoodfacts,2025-09-09T20:07:54.674927,dessert,ice-cream,93.0,200.0,24.0,0.0,20.0,,,2.0,11.0,30.0,"Milk*, cream*, cane sugar*, strawberries*, tapioca syrup*, tapioca starch*, natural strawberry flavor*, with other natural flavors, guar gum*, citric acid, red beet juice concentrate* (color), pectin, soy lecithin*, locust bean gum*, xanthan gum.","{'carbs_g': '24.0g', 'fiber_g': '0g', 'sugar_g': '20.0g', 'added_sugar_g': 'not listed', 'sugar_alcohols_g': 'not listed', 'protein_g': '2.0g', 'fat_g': '11.0g', 'sodium_mg': '30mg'}",24.0,
Vanilla bean ice cream,Oregon Ice Cream,72609741851,openfoodfacts,2025-09-09T20:07:37.316454,dessert,ice-cream,89.0,200.0,21.0,,19.0,15.0,,3.0,12.0,40.0,"Milk,* cream,* cane sugar,* tapioca syrup,* tapioca starch,* vanilla extract,* guar gum,* soy lecithin,* ground vanilla beans,* locust bean gum,* xanthan gum.","{'carbs_g': '21.0g', 'fiber_g': 'not listed', 'sugar_g': '19.0g', 'added_sugar_g': '15.0g', 'sugar_alcohols_g': 'not listed', 'protein_g': '3.0g', 'fat_g': '12.0g', 'sodium_mg': '40mg'}",21.0,
Old-Fashioned Vanilla Ice Cream,Tillamook,72830081092,openfoodfacts,2025-09-09T20:07:57.017270,dessert,ice-cream,95.0,210.0,22.0,,21.0,16.0,,4.0,13.0,55.0,"CREAM, SKIM MILK, MILK, SUGAR, PASTEURIZED EGG YOLKS, VANILLA EXTRACT, TARA GUM, GUAR GUM, NATURAL FLAVOR.","{'carbs_g': '22.0g', 'fiber_g': 'not listed', 'sugar_g': '21.0g', 'added_sugar_g': '16.0g', 'sugar_alcohols_g': 'not listed', 'protein_g': '4.0g', 'fat_g': '13.0g', 'sodium_mg': '55mg'}",22.0,
Ice cream,Tillamook,72830081146,openfoodfacts,2025-09-09T20:07:35.001032,dessert,ice-cream,95.0,210.0,22.0,,21.0,16.0,,4.0,13.0,55.0,"cream, skim milk, milk, sugar, pasteurized egg yolks, vanilla extract, tara gum, guar gum, vanilla bean, natural flavor. contains: egg, milk. made on equipment that makes products made in the usa than is legally required. till amook","{'carbs_g': '22.0g', 'fiber_g': 'not listed', 'sugar_g': '21.0g', 'added_sugar_g': '16.0g', 'sugar_alcohols_g': 'not listed', 'protein_g': '4.0g', 'fat_g': '13.0g', 'sodium_mg': '55mg'}",22.0,
Tillamook Mudslide Ice Cream,Tillamook,72830081191,openfoodfacts,2025-09-09T20:07:51.561970,dessert,ice-cream,95.0,260.0,26.0,,,,,4.0,16.0,0.0,"ALE, MILX, SUGAR, COCZA MAUT DL, COCONUT OL, CE PONGER, COCDA, TRA INCA, SALT, SCHLOTN L","{'carbs_g': '26.0g', 'fiber_g': 'not listed', 'sugar_g': 'not listed', 'added_sugar_g': 'not listed', 'sugar_alcohols_g': 'not listed', 'protein_g': '4.0g', 'fat_g': '16.0g', 'sodium_mg': '0mg'}",26.0,
100% Whole Wheat Bread,Sara Lee,72945601345,openfoodfacts,2025-09-12T15:00:17.537666+00:00,cereal,cereal,26.0,60.0,12.0,2.0,1.0,0.0,,3.0,1.0,0.0,"WHOLE FLOUR, WATER, WHEAT GLUTEN, SUGAR, YEAST, VEGETABLE OIL (SOYBEAN), SALT, PRESERVATIVES (CALCIUM PROPIONATE, SORBIC ACID), DATEM, NATURAL FLAVORS, MONOGLYCERIDES, MONOCALCIUM PHOSPHATE, SOY LECITHIN, CITRIC ACID, GRAIN VINEGAR, SESAME SEEDS. R23-291-300498 CONTAINS WHEAT, SOY, SESAME. MADE IN A BAKERY THAT MAY ALSO USE MILK, EGG, TREE NUTS.","{'carbs_g': '12.0g', 'fiber_g': '2.0g', 'sugar_g': '1.0g', 'added_sugar_g': '0g', 'sugar_alcohols_g': 'not listed', 'protein_g': '3.0g', 'fat_g': '1.0g', 'sodium_mg': '0mg'}",10.0,
Honey Wheat Bread,Sara Lee,72945601369,openfoodfacts,2025-09-12T18:52:01.853838+00:00,bread,bread,26.0,250.0,42.8571428571429,0.0,7.14285714285715,0.0,,7.14285714285715,3.57142857142857,0.0,"enriched wheat flour [flour, malted barley flour, reduced iron, niacin, thiamin mononitrate (vitamin b1), riboflavin (vitamin b2), folic acid], water, honey, whole wheat flour, yeast, wheat gluten, soybean oil, wheat bran, sugar, salt, preservatives (calcium propionate, sorbic acid), datem, monoglycerides, cellulose gum, natural flavors, monocalcium phosphate, calcium sulfate, soy lecithin, citric acid, grain vinegar, potassium iodate,","{'carbs_g': '42.9g', 'fiber_g': '0g', 'sugar_g': '7.1g', 'added_sugar_g': '0g', 'sugar_alcohols_g': 'not listed', 'protein_g': '7.1g', 'fat_g': '3.6g', 'sodium_mg': '0mg'}",42.8571428571429,plant-based-foods-and-beverages|plant-based-foods|cereals-and-potatoes|breads|white-breads|wheat-breads
Artesano bakery bread,Sara Lee,72945612419,openfoodfacts,2025-09-12T18:50:16.116560+00:00,bread,bread,38.0,289.473684210526,50.0,2.63157894736842,5.26315789473684,5.26315789473684,,7.89473684210526,0.0,0.526315789473684,"ENRICHED WHEAT FLOUR (FLOUR, MALTED BARLEY FLOUR, REDUCED IRON, NIACIN, THIAMIN MONONITRATE (VITAMIN B1), RIBOFLAVIN (VITAMIN B2), FOLIC ACID), WATER, SUGAR, YEAST, VEGETABLE OIL (SOYBEAN), WHEAT GLUTEN, SEA SALT, CULTURED WHEAT FLOUR, SOY LECITHIN, CITRIC ACID GRAIN VINEGAR, SESAME SEEDS.","{'carbs_g': '50.0g', 'fiber_g': '2.6g', 'sugar_g': '5.3g', 'added_sugar_g': '5.3g', 'sugar_alcohols_g': 'not listed', 'protein_g': '7.9g', 'fat_g': '0g', 'sodium_mg': '1mg'}",47.36842105263158,plant-based-foods-and-beverages|plant-based-foods|cereals-and-potatoes|breads|sliced-breads
wasa,Barilla,7300400481571,openfoodfacts,2025-09-12T17:49:26.435115+00:00,cereal,cereal,8.8,29.7,5.46,1.76,0.176,,,0.792,0.132,35.2,"Farine complète de SEIGLE (110 g*), sel.","{'carbs_g': '5.5g', 'fiber_g': '1.8g', 'sugar_g': '0.2g', 'added_sugar_g': 'not listed', 'sugar_alcohols_g': 'not listed', 'protein_g': '0.8g', 'fat_g': '0.1g', 'sodium_mg': '35mg'}",3.7,
FIBRES,Wasa,7300400481588,openfoodfacts,2025-09-12T17:48:16.262111+00:00,cereal,cereal,10.0,33.3,4.6,2.6,0.2,,,1.3,0.5,48.0,"whole rye flour (57 g), wheat bran (27 g), oatmeal (13 g), sesame seeds (7.9 g), wheat germ, salt.","{'carbs_g': '4.6g', 'fiber_g': '2.6g', 'sugar_g': '0.2g', 'added_sugar_g': 'not listed', 'sugar_alcohols_g': 'not listed', 'protein_g': '1.3g', 'fat_g': '0.5g', 'sodium_mg': '48mg'}",1.9999999999999996,
Tartine croustillante Authentique,wasa,7300400481595,openfoodfacts,2025-09-12T17:48:04.374645+00:00,cereal,cereal,11.4,38.3,7.07,2.17,0.114,0.0,,1.03,0.171,45.6,"wholemeal rye flour (77 g*), rye flour (28 g*), yeast, salt, may contain traces of milk and sesame seeds, *in g per 100 g of product,","{'carbs_g': '7.1g', 'fiber_g': '2.2g', 'sugar_g': '0.1g', 'added_sugar_g': '0g', 'sugar_alcohols_g': 'not listed', 'protein_g': '1.0g', 'fat_g': '0.2g', 'sodium_mg': '46mg'}",4.9,
Krisprolls complets sans sucres ajoutés,Krisprolls,7311070032611,openfoodfacts,2025-09-12T17:48:27.169600+00:00,cereal,cereal,100.0,400.0,68.0,8.3,1.1,,,13.0,6.6,440.0,"Whole wheat flour (62%), wheat flour, vegetable oils (fully hydrogenated rapeseed oil), barley malt, yeast, salt.","{'carbs_g': '68.0g', 'fiber_g': '8.3g', 'sugar_g': '1.1g', 'added_sugar_g': 'not listed', 'sugar_alcohols_g': 'not listed', 'protein_g': '13.0g', 'fat_g': '6.6g', 'sodium_mg': '440mg'}",59.7,
Whole Grains 100% Whole Wheat Bread,Oroweat,73130001322,openfoodfacts,2025-09-12T17:18:53.209187+00:00,cereal,cereal,43.0,0.0,0.0,0.0,0.0,0.0,,0.0,0.0,0.0,"whole wheat flour, water, sugar, wheat gluten, raisin juice concentrate, soybean oil, yeast, cultured wheat flour, molasses, salt, soy lecithin, grain vinegar, citric acid, soy, whey,","{'carbs_g': '0g', 'fiber_g': '0g', 'sugar_g': '0g', 'added_sugar_g': '0g', 'sugar_alcohols_g': 'not listed', 'protein_g': '0g', 'fat_g': '0g', 'sodium_mg': '0mg'}",0.0,
Brown Rice,Garant,7340083482113,openfoodfacts,2025-09-09T20:03:20.263711,grain,rice,100.0,0.0,,,,,,,,0.0,,"{'carbs_g': 'not listed', 'fiber_g': 'not listed', 'sugar_g': 'not listed', 'added_sugar_g': 'not listed', 'sugar_alcohols_g': 'not listed', 'protein_g': 'not listed', 'fat_g': 'not listed', 'sodium_mg': '0mg'}",0.0,
Zephyrhills,Zephyrhills,73430005044,openfoodfacts,2025-09-12T18:51:58.731590+00:00,drink,drink,500.0,0.0,0.0,,,,,0.0,0.0,0.0,"purified water, less than 0.5% of calcium chloride, sodium bicarbonate, and magnesium sulfate","{'carbs_g': '0g', 'fiber_g': 'not listed', 'sugar_g': 'not listed', 'added_sugar_g': 'not listed', 'sugar_alcohols_g': 'not listed', 'protein_g': '0g', 'fat_g': '0g', 'sodium_mg': '0mg'}",0.0,plant-based-foods-and-beverages|beverages|plant-based-foods|cereals-and-potatoes|breads|special-breads|bagel-breads|plastics
Flourless Sprouted Grain Bread EZEKIEL 4:9,Food for Life,73472001202,openfoodfacts,2025-09-09T20:08:31.135468,cereal,cereal,34.0,80.0,15.0,3.0,,,,4.0,0.5,75.0,"organic sprouted wheat, filtered water, organic sprouted barley, organic sprouted millet, organic malted barley, organic sprouted lentils, organic sprouted soybeans, organic sprouted spelt, fresh yeast,organic wheat gluten, sea salt,","{'carbs_g': '15.0g', 'fiber_g': '3.0g', 'sugar_g': 'not listed', 'added_sugar_g': 'not listed', 'sugar_alcohols_g': 'not listed', 'protein_g': '4.0g', 'fat_g': '0.5g', 'sodium_mg': '75mg'}",12.0,
EZEKIEL 4:9 Sesame,Lilly's,73472001233,openfoodfacts,2025-09-12T18:50:38.732071+00:00,bread,bread,34.0,80.0,15.0,3.0,0.0,0.0,,5.0,0.5,70.0,"Organic Sprouted Wheat, Filtered Water, Organic Sprouted Barley, Organic Sprouted Millet, Organic Malted Barley, Organic Sprouted Lentils, Organic Sprouted Soybeans, Organic Sprouted Spelt,  Yeast, Organic Wheat Gluten, Sea Salt, Organic Sesame Seeds.","{'carbs_g': '15.0g', 'fiber_g': '3.0g', 'sugar_g': '0g', 'added_sugar_g': '0g', 'sugar_alcohols_g': 'not listed', 'protein_g': '5.0g', 'fat_g': '0.5g', 'sodium_mg': '70mg'}",12.0,plant-based-foods-and-beverages|plant-based-foods|cereals-and-potatoes|breads|sliced-breads|multigrain-sliced-breads
Flour Tortillas,Mission,73731004159,openfoodfacts,2025-09-12T18:51:59.347041+00:00,bread,bread,49.0,140.14,24.01,1.0,1.999,2.04081632653061,,3.9984,2.9988,410.13,"ENRICHED BLEACHED FLOUR (FLOUR, NIACIN, REDUCED IRON, THIAMINE MONONITRATE, RIBOFLAVIN, FOLIC ACID), WATER, VEGETABLE SHORTENING (INTERESTERIFIED AND HYDROGENATED SOYBEAN OILS), SALT, SUGAR, BAKING SODA, SODIUM ACID PYROPHOSPHATE, DISTILLED MONOGLYCERIDES, FUMARIC ACID, CALCIUM PROPIONATE, SORBIC ACID.","{'carbs_g': '24.0g', 'fiber_g': '1.0g', 'sugar_g': '2.0g', 'added_sugar_g': '2.0g', 'sugar_alcohols_g': 'not listed', 'protein_g': '4.0g', 'fat_g': '3.0g', 'sodium_mg': '410mg'}",23.01,plant-based-foods-and-beverages|plant-based-foods|cereals-and-potatoes|breads|flatbreads|white-breads|wheat-breads|wheat-flatbreads|flour tortillas
CARB BALANCE FLOUR,MISSION,73731071090,openfoodfacts,2025-09-12T18:49:40.162308+00:00,bread,bread,43.0,70.0,19.0,17.0,0.0,0.0,,6.0,3.5,330.0,"water, modified wheat starch, enriched bleached flour (flour, niacin, reduced iron, thiamine mononitrate, riboflavin, folic acid), vital wheat gluten, powdered cellulose, vegetable shortening (interesterified and hydrogenated soybean oils), wheat protein isolate (wheat gluten, lactic acid, sulfite), salt, baking soda, sodium acid pyrophosphate, cellulose gum, distilled monoglycerides, enzymes, natural flavor, sucralose, triglycerides, fumaric acid sunflower oil, canola oil, and calcium propionate and sorbic acid (to maintain freshness).","{'carbs_g': '19.0g', 'fiber_g': '17.0g', 'sugar_g': '0g', 'added_sugar_g': '0g', 'sugar_alcohols_g': 'not listed', 'protein_g': '6.0g', 'fat_g': '3.5g', 'sodium_mg': '330mg'}",2.0,plant-based-foods-and-beverages|plant-based-foods|cereals-and-potatoes|cereals-and-their-products|flours|cereal-flours|breads|wheat-flours|flatbreads|white-breads|wheat-breads|wheat-flatbreads
Barista edition oat drink,Oatly!,7394376620157,openfoodfacts,2025-09-09T20:09:37.190045,grain,oats,100.0,61.0,7.1,0.8,3.4,,,1.1,3.0,40.0,"water, oats 10%, rapeseed oil, acidity regulator (dipotassium phosphate), minerals (calcium carbonate, potassium iodide), salt, vitamins (d2, riboflavin, b12),","{'carbs_g': '7.1g', 'fiber_g': '0.8g', 'sugar_g': '3.4g', 'added_sugar_g': 'not listed', 'sugar_alcohols_g': 'not listed', 'protein_g': '1.1g', 'fat_g': '3.0g', 'sodium_mg': '40mg'}",6.3,
Tri-Color Quinoa,RiceSelect,74401734222,openfoodfacts,2025-09-09T20:03:36.901534,grain,quinoa,45.0,170.0,30.0,5.0,1.0,,,6.0,2.5,0.0,"White quinoa, red quinoa, black quinoa.","{'carbs_g': '30.0g', 'fiber_g': '5.0g', 'sugar_g': '1.0g', 'added_sugar_g': 'not listed', 'sugar_alcohols_g': 'not listed', 'protein_g': '6.0g', 'fat_g': '2.5g', 'sodium_mg': '0mg'}",25.0,
Mexican style rice & sweet corn,Royal,745042001423,openfoodfacts,2025-09-09T20:03:05.647340,grain,rice,140.0,240.0,42.0,1.0,3.0,1.0,,5.0,6.0,490.0,"WATER, BASMATI RICE, CORN (DEHYDRATED), SEASONING (SUGAR, CHILI PEPPER, CHEDDAR CHEESE* (MILK, SALT, CHEESE CULTURES, ENZYMES), GARLIC, MODIFIED STARCH, SOUR CREAM* (CREAM), SPICES, PARMESAN CHEESE FLAVOR, MALTODEXTRIN, BUTTER, CAYENNE PEPPER SAUCE* (CAYENNE RED PEPPERS, DISTILLED VINEGAR, SALT, GARLIC*), XANTHAN GUM, ACACIA GUM, CITRIC ACID, WHEY, LACTIC ACID, NATURAL FLAVORS), SUNFLOWER AND/OR CANOLA OIL, CLARIFIED BUTTER, RED BELL PEPPER (DEHYDRATED)

*POWDER

CONTAINS: MILK 

BIOENGINEERED FOOD MADE IN THE U.S.A. FROM DOMESTIC AND IMPORTED INGREDIENTS","{'carbs_g': '42.0g', 'fiber_g': '1.0g', 'sugar_g': '3.0g', 'added_sugar_g': '1.0g', 'sugar_alcohols_g': 'not listed', 'protein_g': '5.0g', 'fat_g': '6.0g', 'sodium_mg': '490mg'}",41.0,
Authentic Basmati Rice,Royal,745042100560,openfoodfacts,2025-09-09T20:03:11.165608,grain,rice,45.0,160.0,36.0,,1.0,,,4.0,0.5,0.0,WHITE BASMATI RICE,"{'carbs_g': '36.0g', 'fiber_g': 'not listed', 'sugar_g': '1.0g', 'added_sugar_g': 'not listed', 'sugar_alcohols_g': 'not listed', 'protein_g': '4.0g', 'fat_g': '0.5g', 'sodium_mg': '0mg'}",36.0,
Jasmine Rice,Royal,745042400035,openfoodfacts,2025-09-09T20:03:12.333847,grain,rice,240.0,450.0,93.12,,,,,7.992,6.0,0.0,"WATER, JASMINE RICE, SUNFLOWER AND/OR CANOLA OIL, SALT, ACACIA GUM","{'carbs_g': '93.1g', 'fiber_g': 'not listed', 'sugar_g': 'not listed', 'added_sugar_g': 'not listed', 'sugar_alcohols_g': 'not listed', 'protein_g': '8.0g', 'fat_g': '6.0g', 'sodium_mg': '0mg'}",93.12,
Haagen Dazs Vanilla Ice Cream,Häagen-Dazs,74570004003,openfoodfacts,2025-09-09T20:07:35.763697,dessert,ice-cream,129.0,320.0,26.0,0.0,25.0,18.0,,9.0,21.0,75.0,"Cream, skim milk, cane sugar, egg yolks, vanilla extract.","{'carbs_g': '26.0g', 'fiber_g': '0g', 'sugar_g': '25.0g', 'added_sugar_g': '18.0g', 'sugar_alcohols_g': 'not listed', 'protein_g': '9.0g', 'fat_g': '21.0g', 'sodium_mg': '75mg'}",26.0,
"Vanilla ice cream, vanilla",Haagen-Daz,74570007004,openfoodfacts,2025-09-09T20:07:53.888265,dessert,ice-cream,129.0,320.0,26.0,0.0,25.0,18.0,,6.0,21.0,0.075,"Cream, skim milk, cane sugar, egg yolks, vanilla extract.","{'carbs_g': '26.0g', 'fiber_g': '0g', 'sugar_g': '25.0g', 'added_sugar_g': '18.0g', 'sugar_alcohols_g': 'not listed', 'protein_g': '6.0g', 'fat_g': '21.0g', 'sodium_mg': '0mg'}",26.0,
chocolate ice cream,Häagen-Dazs,74570014002,openfoodfacts,2025-09-09T20:07:38.126902,dessert,ice-cream,129.0,310.0,27.0,1.0,25.0,,,5.9995,21.0,65.0,"Cream, skim milk, cane sugar, cocoa processed with alkali, egg yolks.","{'carbs_g': '27.0g', 'fiber_g': '1.0g', 'sugar_g': '25.0g', 'added_sugar_g': 'not listed', 'sugar_alcohols_g': 'not listed', 'protein_g': '6.0g', 'fat_g': '21.0g', 'sodium_mg': '65mg'}",26.0,
Haagen Dazs Strawberry Ice Cream 14 oz,Häagen-Dazs,74570024001,openfoodfacts,2025-09-09T20:07:39.967681,dessert,ice-cream,133.0,300.0,29.0,1.0,28.063,20.0,,5.0,19.019,60.0,"Cream, skim milk, strawberries, cane sugar, egg yolks.","{'carbs_g': '29.0g', 'fiber_g': '1.0g', 'sugar_g': '28.1g', 'added_sugar_g': '20.0g', 'sugar_alcohols_g': 'not listed', 'protein_g': '5.0g', 'fat_g': '19.0g', 'sodium_mg': '60mg'}",28.0,
Haagen dazs vanilla & almond ice cream bar,Häagen-Dazs,74570033102,openfoodfacts,2025-09-09T20:07:48.086629,dessert,ice-cream,82.0,290.0,21.0,0.984,19.0,,,5.0,21.0,40.599999999999994,"Vanilla ice cream: cream, skim milk, sugar, egg yolks, vanilla extract. milk chocolate and vegetable oil coating with almonds: milk chocolate (sugar, whole milk powder, chocolate, cocoa butter, soy lecithin, vanilla extract), almonds roasted in vegetable oil (almonds, safflower oil), coconut oil.","{'carbs_g': '21.0g', 'fiber_g': '1.0g', 'sugar_g': '19.0g', 'added_sugar_g': 'not listed', 'sugar_alcohols_g': 'not listed', 'protein_g': '5.0g', 'fat_g': '21.0g', 'sodium_mg': '41mg'}",20.016,
Coffee Ice Cream,Häagen-Dazs,74570034000,openfoodfacts,2025-09-09T20:07:46.523616,dessert,ice-cream,129.0,320.0,25.0,0.0,25.0,18.0,,6.0,21.0,65.0,"CREAM, SKIM MILK, CANE SUGAR, EGG YOLKS, COFFEE","{'carbs_g': '25.0g', 'fiber_g': '0g', 'sugar_g': '25.0g', 'added_sugar_g': '18.0g', 'sugar_alcohols_g': 'not listed', 'protein_g': '6.0g', 'fat_g': '21.0g', 'sodium_mg': '65mg'}",25.0,
Haagen Dazs Butter Pecan Ice Cream 14 oz,Häagen-Dazs,74570114009,openfoodfacts,2025-09-09T20:07:42.433042,dessert,ice-cream,100.0,370.0,26.0,1.0,21.0,21.0,,6.0,27.0,130.0,"Vanilla ice cream (cream, skim milk, sugar, lactose reduced skim milk, corn syrup, egg yolks, salt, vanilla extract), roasted pecans (pecans, coconut oil, butter (cream, salt), salt.","{'carbs_g': '26.0g', 'fiber_g': '1.0g', 'sugar_g': '21.0g', 'added_sugar_g': '21.0g', 'sugar_alcohols_g': 'not listed', 'protein_g': '6.0g', 'fat_g': '27.0g', 'sodium_mg': '130mg'}",25.0,
Helado Sabor Galleta y Crema,Häagen-Dazs,74570274000,openfoodfacts,2025-09-09T20:07:44.142911,dessert,ice-cream,128.0,260.0,26.0,0.0,21.0,0.0,,4.0,16.0,0.088,"Cream, Skim Milk, Sugar, Egg Yolk, Wheat Flour, Coconut Oil, Ca Powder, Natural Vanilla Flavoring, Sodium Bicarbonate, Salt. CONTAINS INGREDIENTS. ES Ingredientes: Crema de Leche, Leche Descremada, Azúca Coco, Cocoa Procesada con Álcali, Cocoa en Polvo Reducida en Grasa, Saboriza Bicarbonato de Sodio (Agente leudante), Sal. CONTIENE LECHE, HUEVO, TRIGO Creme de leite, leite evaporado, água, açúcar, pedaços de biscoito (farinha de pó, água, sal e fermento químico bicarbonato de sódio), gema de ALERGICOS: CONTÉM OVOS, LEITE E DERIVADOS DE LEITE É DE TRIG CONTÉM LACTOSE. CONTÉM GLÚTEN. For Expiration Date and Production Code: See bottom of cup.-Fecha de Expiración, Producción y Lote Verf Keep frozen at - 18 °C-Consérvese en Congelación/Congelador a - 18 °C-Mantenha congeladoa-187 congelado. IMPORTADO NO BRASIL POR: GENERAL MILLS BRASIL ALIMENTOS LTDA. Avenida Irene Shera 61.586.558/0025-62.- Manufactured By/Fabricado Por: Häagen-Dazs Arras, B.P. 59-155 route de Cambrai-20 International, Sàrl, Switzerland. Made in France Producto de Francia - Produto da França General Mills","{'carbs_g': '26.0g', 'fiber_g': '0g', 'sugar_g': '21.0g', 'added_sugar_g': '0g', 'sugar_alcohols_g': 'not listed', 'protein_g': '4.0g', 'fat_g': '16.0g', 'sodium_mg': '0mg'}",26.0,
Cherry vanilla ice cream,Häagen-Dazs,74570534005,openfoodfacts,2025-09-09T20:07:50.639075,dessert,ice-cream,97.0,230.0,23.0,0.0,21.0,,,4.0,14.0,55.9,"Cream, skim milk, sugar, black cherries, egg yolks, cherries, cherry juice concentrate, vanilla extract, chokeberry juice (for color), elderberry juice (for color), apple juice, natural flavor, lemon juice concentrate, pectin.","{'carbs_g': '23.0g', 'fiber_g': '0g', 'sugar_g': '21.0g', 'added_sugar_g': 'not listed', 'sugar_alcohols_g': 'not listed', 'protein_g': '4.0g', 'fat_g': '14.0g', 'sodium_mg': '56mg'}",23.0,
Vanilla Bean Ice Cream,Häagen-Dazs,74570650576,openfoodfacts,2025-09-09T20:07:41.634628,dessert,ice-cream,129.0,350.0,29.0,,28.0,22.0,,5.0,23.0,65.0,"Cream, skim milk, cane sugar, egg yolks, ground vanilla beans, vanilla extract.","{'carbs_g': '29.0g', 'fiber_g': 'not listed', 'sugar_g': '28.0g', 'added_sugar_g': '22.0g', 'sugar_alcohols_g': 'not listed', 'protein_g': '5.0g', 'fat_g': '23.0g', 'sodium_mg': '65mg'}",29.0,
Ice Cream Bars,Häagen-Dazs,74570650972,openfoodfacts,2025-09-09T20:07:49.862483,dessert,ice-cream,77.0,269.99973,20.0,1.0,18.0,,,4.0,18.99975,40.0,"Vanilla ice cream: cream, skim milk, sugar, egg yolks, vanilla extract. milk chocolate and vegetable oil coating with almonds: milk chocolate (sugar, whole milk powder, chocolate, cocoa butter, soy lecithin, vanilla extract), almonds roasted in vegetable oil (almonds, safflower oil), coconut oil.","{'carbs_g': '20.0g', 'fiber_g': '1.0g', 'sugar_g': '18.0g', 'added_sugar_g': 'not listed', 'sugar_alcohols_g': 'not listed', 'protein_g': '4.0g', 'fat_g': '19.0g', 'sodium_mg': '40mg'}",19.0,
Chocolate Peanut Butter Ice Cream,Haagen-dazs,74570950157,openfoodfacts,2025-09-09T20:07:43.222737,dessert,ice-cream,138.0,430.0,36.0,3.0,31.0,,,10.0,29.0,110.0,"Chocolate ice cream: cream, skim milk, cane sugar, egg yolks, chocolate, cocoa processed with alkali, peanut butter swirl: peanuts, cane sugar, peanut oil, salt.","{'carbs_g': '36.0g', 'fiber_g': '3.0g', 'sugar_g': '31.0g', 'added_sugar_g': 'not listed', 'sugar_alcohols_g': 'not listed', 'protein_g': '10.0g', 'fat_g': '29.0g', 'sodium_mg': '110mg'}",33.0,
"Organic Quinoa, Brown & Red Rice with Flaxseed",Seeds of Change,748404420184,openfoodfacts,2025-09-09T20:03:40.046227,grain,quinoa,240.0,400.0,73.0,5.0,0.0,0.0,,8.0,8.0,470.0,"WATER, WHOLE GRAIN BROWN RICE*, RED RICE*, LESS THAN 2% OF: BLACK QUINOA*, BROWN FLAXSEED, SUNFLOWER OIL*, SEA SALT. *ORGANIC.
CONTAINS: SOY","{'carbs_g': '73.0g', 'fiber_g': '5.0g', 'sugar_g': '0g', 'added_sugar_g': '0g', 'sugar_alcohols_g': 'not listed', 'protein_g': '8.0g', 'fat_g': '8.0g', 'sodium_mg': '470mg'}",68.0,
Organic Quinoa & Brown Rice with Garlic Flavour,Seeds of change,748404420238,openfoodfacts,2025-09-09T20:03:34.605744,grain,quinoa,240.0,440.0,85.0,8.0,0.01,0.0,,8.0,8.0,500.0,"WATER, WHOLE GRAIN BROWN RICE*, BLEND OF WHOLE GRAIN QUINOA (WHOLE GRAIN RED QUINOA*, WHOLE GRAIN BLACK QUINOA*); LESS THAN 2% OF: SUNFLOWER OIL*+, SEA SALT, GARLIC POWDER*, DEHYDRATED GARLIC, ONION POWDER*, MINCED GARLIC, PARSLEY*, BLACK PEPPER*.","{'carbs_g': '85.0g', 'fiber_g': '8.0g', 'sugar_g': '0.0g', 'added_sugar_g': '0g', 'sugar_alcohols_g': 'not listed', 'protein_g': '8.0g', 'fat_g': '8.0g', 'sodium_mg': '500mg'}",77.0,
Organic Quinoa & Brown Rice with Sun Dried Tomato,Seeds of Change,748404422232,openfoodfacts,2025-09-09T20:04:04.649271,grain,rice,100.0,166.66666666667,31.333333333333,3.3333333333333,1.3333333333333,,,3.3333333333333,3.0,200.0,,"{'carbs_g': '31.3g', 'fiber_g': '3.3g', 'sugar_g': '1.3g', 'added_sugar_g': 'not listed', 'sugar_alcohols_g': 'not listed', 'protein_g': '3.3g', 'fat_g': '3.0g', 'sodium_mg': '200mg'}",27.9999999999997,
0748404985447,,748404985447,openfoodfacts,2025-09-09T20:03:07.954695,grain,rice,100.0,440.0,85.0,,,,,8.0,8.0,580.0,"WATER, WHOLE GRAIN BROWN RICE*, BLEND OF WHOLE GRAIN QUINOA (WHOLE GRAIN RED QUINOA*, WHOLE GRAIN BLACK QUINOA*); LESS THAN 2% OF SUNFLOWER OIL*+, SEA SALT, GARLIC POWDER*, DEHYDRATED GARLIC*, ONION 3) POWDER, MINCED GARLIC, PARSLEY*, BLACK PEPPER*. ORGANIC. †","{'carbs_g': '85.0g', 'fiber_g': 'not listed', 'sugar_g': 'not listed', 'added_sugar_g': 'not listed', 'sugar_alcohols_g': 'not listed', 'protein_g': '8.0g', 'fat_g': '8.0g', 'sodium_mg': '580mg'}",85.0,
pan Bimbo cero,Bimbo,7501030467090,openfoodfacts,2025-09-12T15:49:50.250743+00:00,cereal,cereal,55.5,203.603603603604,43.2432432432432,5.94594594594595,5.76576576576577,0.0,,10.6306306306306,1.26126126126126,0.185585585585586,"WHOLE WHEAT FLOUR, YEAST, WHEAT GLUTEN, FERMENTED WHEAT FLOUR, WHEAT BRAN, IODIZED SALT, ENZYMES, POTASSIUM CHLORIDE, LACTIC ACID, SOY LECITHIN","{'carbs_g': '43.2g', 'fiber_g': '5.9g', 'sugar_g': '5.8g', 'added_sugar_g': '0g', 'sugar_alcohols_g': 'not listed', 'protein_g': '10.6g', 'fat_g': '1.3g', 'sodium_mg': '0mg'}",37.29729729729725,
COFFEE MATE AVELLANA,NESTLE,7501059285118,openfoodfacts,2025-09-09T20:09:47.911976,drink,drink,15.0,36.089906,5.49,0.0,4.8,,,0.14,1.49,0.0070104,"INGREDIENIES: Agua, azúcar, aceite vegetal hidrogenado, jarabe de maiz, caseinato de sodio, saborizantes artificiales, matltodextrina, fosfato de potasio. ésteres de ácido acetil tartárico, dióxido de titanio, ceiulosa microcristalina. mono y diglcéridos de acidos  grasos, carragenina y carboxilmetilcelulosa Contiene: Caseinato de sodio (derivado de la proteína de leche).","{'carbs_g': '5.5g', 'fiber_g': '0g', 'sugar_g': '4.8g', 'added_sugar_g': 'not listed', 'sugar_alcohols_g': 'not listed', 'protein_g': '0.1g', 'fat_g': '1.5g', 'sodium_mg': '0mg'}",5.49,
Honey Roasted Peanuts,Family Choice,752545008095,openfoodfacts,2025-09-12T18:34:39.328946+00:00,nut,nuts-seeds,30.0,169.9999999992,7.9999999996,2.0,6.0,5.0,,7.0,13.0000000004,90.0,"Peanuts, Sugar, Honey, Vegetable Oil (Peanut and/or Soy), Salt, Xanthan Gum","{'carbs_g': '8.0g', 'fiber_g': '2.0g', 'sugar_g': '6.0g', 'added_sugar_g': '5.0g', 'sugar_alcohols_g': 'not listed', 'protein_g': '7.0g', 'fat_g': '13.0g', 'sodium_mg': '90mg'}",5.9999999996,nuts-and-seeds
Reese's peanut butter cup ice cream bars,Klondike,75856024159,openfoodfacts,2025-09-09T20:08:05.468042,dessert,ice-cream,77.0,240.0,26.0,0.78,18.0,15.0,,3.0,15.0,105.3,"Nonfat milk, milk chocolate flavored coating [sugar, coconut oil, chocolate processed with alkali, milk, whey, soybean oil, cocoa processed with alkali, soy lecithin (emulsifier), artificial flavor (corn, vanillin), salt], sugar, reese's peanut butter cup pieces [milk chocolate (sugar, cocoa butter, chocolate, nonfat milk, milk fat, corn syrup solids, soy lecithin, pgpr {emulsifier}), peanuts, sugar, dextrose, salt, tbhq (preservative)], reese's peanut butter swirl [peanuts, sugar, peanut oil, dextrose, salt, tbhq (used to preserve freshness)], corn syrup, cream, corn syrup solids, whey, contains 1 percent or less of: mono and diglycerides, caramel color, locust bean gum, guar gum, carrageenan, vitamin a palmitate.","{'carbs_g': '26.0g', 'fiber_g': '0.8g', 'sugar_g': '18.0g', 'added_sugar_g': '15.0g', 'sugar_alcohols_g': 'not listed', 'protein_g': '3.0g', 'fat_g': '15.0g', 'sodium_mg': '105mg'}",25.22,
Whole Grain Spaghetti,Barilla,76808005844,openfoodfacts,2025-09-09T20:04:59.342945,grain,pasta-noodles,56.0,180.0,39.0,7.0,1.0,,,8.0,1.5,0.0,"whole grain durum wheat flour,","{'carbs_g': '39.0g', 'fiber_g': '7.0g', 'sugar_g': '1.0g', 'added_sugar_g': 'not listed', 'sugar_alcohols_g': 'not listed', 'protein_g': '8.0g', 'fat_g': '1.5g', 'sodium_mg': '0mg'}",32.0,
Whole Grain Thin Spaghetti,Barilla,76808006490,openfoodfacts,2025-09-09T20:05:13.627302,grain,pasta-noodles,56.0,180.0,39.0,7.0,1.0,0.0,,8.0,1.5,0.0,Whole grain durum wheat flour.,"{'carbs_g': '39.0g', 'fiber_g': '7.0g', 'sugar_g': '1.0g', 'added_sugar_g': '0g', 'sugar_alcohols_g': 'not listed', 'protein_g': '8.0g', 'fat_g': '1.5g', 'sodium_mg': '0mg'}",32.0,
Whole Grain Rotini,Barilla,76808006537,openfoodfacts,2025-09-09T20:05:55.125359,grain,pasta-noodles,56.0,180.0,39.0,7.0,1.0,,,8.0,1.5,0.0,WHOLE GRAIN DURUM WHEAT FLOUR.,"{'carbs_g': '39.0g', 'fiber_g': '7.0g', 'sugar_g': '1.0g', 'added_sugar_g': 'not listed', 'sugar_alcohols_g': 'not listed', 'protein_g': '8.0g', 'fat_g': '1.5g', 'sodium_mg': '0mg'}",32.0,
Red Lentil Rotini,Barilla,76808008470,openfoodfacts,2025-09-09T20:05:15.195387,grain,pasta-noodles,56.0,189.84,33.992,5.992,1.002,,,14.0,1.5008,0.0,RED LENTIL FLOUR.,"{'carbs_g': '34.0g', 'fiber_g': '6.0g', 'sugar_g': '1.0g', 'added_sugar_g': 'not listed', 'sugar_alcohols_g': 'not listed', 'protein_g': '14.0g', 'fat_g': '1.5g', 'sodium_mg': '0mg'}",27.999999999999996,
Spaghetti,Barilla,76808280081,openfoodfacts,2025-09-09T20:05:08.559392,grain,pasta-noodles,56.0,200.0,42.0,1.0,1.0,,,7.0,1.0,0.0,"Semolina (wheat), durum wheat flour","{'carbs_g': '42.0g', 'fiber_g': '1.0g', 'sugar_g': '1.0g', 'added_sugar_g': 'not listed', 'sugar_alcohols_g': 'not listed', 'protein_g': '7.0g', 'fat_g': '1.0g', 'sodium_mg': '0mg'}",41.0,
Penne,Barilla,76808280739,openfoodfacts,2025-09-09T20:05:11.003658,grain,pasta-noodles,117.0,200.0,42.0,3.0,1.0,,,7.0,1.0,0.0,"semolina (wheat), durum wheat flour, vitamins/minerals (vitamin b3 (niacin), iron (ferrous sulfate), vitamin b1 (thiamine mononitrate), vitamin b2 (riboflavin), folic acid).","{'carbs_g': '42.0g', 'fiber_g': '3.0g', 'sugar_g': '1.0g', 'added_sugar_g': 'not listed', 'sugar_alcohols_g': 'not listed', 'protein_g': '7.0g', 'fat_g': '1.0g', 'sodium_mg': '0mg'}",39.0,
Elbows,Barilla,76808516135,openfoodfacts,2025-09-09T20:04:30.588433,grain,pasta-noodles,56.0,199.92,42.0,3.002,1.002,,,7.0,1.0024,0.0,"semolina (wheat), durum wheat flour, vitamin b3 (niacin), iron (ferrous sulfate), vitamin b1 (thiamine mononitrate), vitamin b2 (riboflavin), folic acid.","{'carbs_g': '42.0g', 'fiber_g': '3.0g', 'sugar_g': '1.0g', 'added_sugar_g': 'not listed', 'sugar_alcohols_g': 'not listed', 'protein_g': '7.0g', 'fat_g': '1.0g', 'sodium_mg': '0mg'}",38.998,
Protein Spaghetti,Barilla,76808533576,openfoodfacts,2025-09-09T20:05:11.941470,grain,pasta-noodles,56.0,190.0,38.0,5.0,2.0,0.0,,10.0,1.0,0.0,"Semolina (wheat), grain and legume flour blend [grains and legumes (lentils, chickpeas, flaxseed, barley, oats, spelt), egg whites, oat fiber], durum wheat flour. vitamins/minerals: niacin, iron (ferrous sulfate), thiamine mononitrate, riboflavin, folic acid.","{'carbs_g': '38.0g', 'fiber_g': '5.0g', 'sugar_g': '2.0g', 'added_sugar_g': '0g', 'sugar_alcohols_g': 'not listed', 'protein_g': '10.0g', 'fat_g': '1.0g', 'sodium_mg': '0mg'}",33.0,
PROTEIN+ PENNE,Barilla,76808533606,openfoodfacts,2025-09-09T20:05:04.626296,grain,pasta-noodles,56.0,190.0,38.0,5.0,2.0,,,10.0,1.0,0.0,"semolina (wheat), durum wheat flour, lentil flour, pea protein, chickpea flour, barley flour, spelt flour, vitamin b3 (niacin), iron (ferrous sulfate), vitamin b1 (thiamine mononitrate), vitamin b2 (riboflavin), folic acid.","{'carbs_g': '38.0g', 'fiber_g': '5.0g', 'sugar_g': '2.0g', 'added_sugar_g': 'not listed', 'sugar_alcohols_g': 'not listed', 'protein_g': '10.0g', 'fat_g': '1.0g', 'sodium_mg': '0mg'}",33.0,
Kar's,Kar’s,77034009873,openfoodfacts,2025-09-12T15:49:17.434420+00:00,drink,drink,57.0,280.0,26.0,3.0,20.0,9.0,,7.0,18.0,150.0,"peanuts (peanuts, peanut and/or sunflower oil, salt). raisins. chocolate candies (confectionary coating [sugar, hydrogenated palm kernel oil, cocoa powder, whey powder, nonfat milk powder, soy lecithin {an emulsifier}, vanilla], sugar, artificial coloring [includes yellow 6 lake, yellow 6, yellow 5 lake, blue 1 lake, red 40 lake, blue 2 lake], gum arabic, corn syrup, confectioner's glaze). sunflower kernels (sunflower kernels, peanut and/or sunflower oil, salt).","{'carbs_g': '26.0g', 'fiber_g': '3.0g', 'sugar_g': '20.0g', 'added_sugar_g': '9.0g', 'sugar_alcohols_g': 'not listed', 'protein_g': '7.0g', 'fat_g': '18.0g', 'sodium_mg': '150mg'}",23.0,
Jasmine rice,Wegmans,77890466582,openfoodfacts,2025-09-09T20:03:09.650690,grain,rice,45.0,160.0,36.0,,,,,3.0,0.0,0.0,,"{'carbs_g': '36.0g', 'fiber_g': 'not listed', 'sugar_g': 'not listed', 'added_sugar_g': 'not listed', 'sugar_alcohols_g': 'not listed', 'protein_g': '3.0g', 'fat_g': '0g', 'sodium_mg': '0mg'}",36.0,
Steamables Red Quinoa,Wegmans,77890467541,openfoodfacts,2025-09-09T20:03:55.948040,grain,quinoa,140.0,170.0,30.0,4.0,1.0,,,6.0,2.5,10.0,Cooked Organic Red Quinoa.,"{'carbs_g': '30.0g', 'fiber_g': '4.0g', 'sugar_g': '1.0g', 'added_sugar_g': 'not listed', 'sugar_alcohols_g': 'not listed', 'protein_g': '6.0g', 'fat_g': '2.5g', 'sodium_mg': '10mg'}",26.0,
White Quinoa,Wegmans,77890468807,openfoodfacts,2025-09-09T20:04:01.245753,grain,quinoa,250.0,460.0,71.0,9.0,9.0,,,12.0,14.0,480.0,"Water, Organic White Quinoa, Organic Olive Oil, Sea Salt.","{'carbs_g': '71.0g', 'fiber_g': '9.0g', 'sugar_g': '9.0g', 'added_sugar_g': 'not listed', 'sugar_alcohols_g': 'not listed', 'protein_g': '12.0g', 'fat_g': '14.0g', 'sodium_mg': '480mg'}",62.0,
pasta mix,Carozzi,7802575034038,openfoodfacts,2025-09-09T20:04:18.336870,grain,pasta-noodles,100.0,318.0,65.6,4.0,,,,11.6,1.1,0.0,"spaghetti 5
tricolor
CO
Ingredientes: Semola de trigos
duros seleccionados, tomate
deshidratado (0,6%), espinaca
deshidratada (0,6%), niacina,
hierro (sulfato ferroso), tiamina y
riboflavina. Contiene gluten.
Elaborado en lineas que tambien
procesan huevo.","{'carbs_g': '65.6g', 'fiber_g': '4.0g', 'sugar_g': 'not listed', 'added_sugar_g': 'not listed', 'sugar_alcohols_g': 'not listed', 'protein_g': '11.6g', 'fat_g': '1.1g', 'sodium_mg': '0mg'}",61.599999999999994,
French Vanilla Ice Cream,Trader Joe's,785761,openfoodfacts,2025-09-09T20:08:07.010210,dessert,ice-cream,140.0,330.0,30.0,0.0,28.0,24.0,,5.0,21.0,0.065,"CREAM, MILK, CANE SUGAR, SUGARED EGG YOLKS (EGG YOLKS, SUGAR), NATURAL VANILLA FLAVOR, STABILIZER BLEND (CAROB BEAN GUM, GUAR GUM, CANE SUGAR).","{'carbs_g': '30.0g', 'fiber_g': '0g', 'sugar_g': '28.0g', 'added_sugar_g': '24.0g', 'sugar_alcohols_g': 'not listed', 'protein_g': '5.0g', 'fat_g': '21.0g', 'sodium_mg': '0mg'}",30.0,
Purified Drinking Water,Great Value,78742040370,openfoodfacts,2025-09-09T20:09:41.381824,drink,drink,500.0,0.0,0.0,,,,,0.0,0.0,0.0,"PURIFIED WATER, CALCIUM CHLORIDE, SODIUM BICARBONATE.","{'carbs_g': '0g', 'fiber_g': 'not listed', 'sugar_g': 'not listed', 'added_sugar_g': 'not listed', 'sugar_alcohols_g': 'not listed', 'protein_g': '0g', 'fat_g': '0g', 'sodium_mg': '0mg'}",0.0,
Purified Water,Member's Mark,78742051451,openfoodfacts,2025-09-09T20:09:48.704483,drink,drink,499.792,0.0,0.0,,,,,0.0,0.0,0.0,"PURIFIED WATER, CALCIUM CHLORIDE, SODIUM BICARBONATE.","{'carbs_g': '0g', 'fiber_g': 'not listed', 'sugar_g': 'not listed', 'added_sugar_g': 'not listed', 'sugar_alcohols_g': 'not listed', 'protein_g': '0g', 'fat_g': '0g', 'sodium_mg': '0mg'}",0.0,
Vanilla Bean Ice Cream,Great Value,78742089607,openfoodfacts,2025-09-09T20:08:04.526135,dessert,ice-cream,89.0,202.247191011236,23.5955056179775,0.0,20.2247191011236,14.6067415730337,,3.37078651685393,10.1123595505618,0.0730337078651685,"MILK, SKIM MILK, CREAM, SUGAR, BUTTERMILK, WHEY, CORN SYRUP, NATURAL FLAVORS (WITH VANILLA EXTRACT), VANILLA BEAN SPECS, MONO - AND DIGLYCERIDES, VEGETABLE GUMS (CAROB BEAN GUM, TARA GUM, GUAR GUM, CARRAGEENAN), CELLULOSE GEL, CELLULOSE GUM.","{'carbs_g': '23.6g', 'fiber_g': '0g', 'sugar_g': '20.2g', 'added_sugar_g': '14.6g', 'sugar_alcohols_g': 'not listed', 'protein_g': '3.4g', 'fat_g': '10.1g', 'sodium_mg': '0mg'}",23.5955056179775,
"Great Value Organic White Quinoa, 16 oz",Great Value,78742133041,openfoodfacts,2025-09-09T20:03:40.844176,grain,quinoa,45.0,170.0,29.0,3.0,2.0,0.0,,6.0,2.5,0.0,ORGANIC WHITE QUINOA,"{'carbs_g': '29.0g', 'fiber_g': '3.0g', 'sugar_g': '2.0g', 'added_sugar_g': '0g', 'sugar_alcohols_g': 'not listed', 'protein_g': '6.0g', 'fat_g': '2.5g', 'sodium_mg': '0mg'}",26.0,
White Quinoa,Organic Great Value,78742133065,openfoodfacts,2025-09-09T20:03:35.366679,grain,quinoa,45.0,170.1,29.0,2.997,1.998,,,6.0,2.5,0.0,organic white quinoa,"{'carbs_g': '29.0g', 'fiber_g': '3.0g', 'sugar_g': '2.0g', 'added_sugar_g': 'not listed', 'sugar_alcohols_g': 'not listed', 'protein_g': '6.0g', 'fat_g': '2.5g', 'sodium_mg': '0mg'}",26.003,
90 second rice roasted chicken,Walmart,78742347011,openfoodfacts,2025-09-09T20:03:01.862497,grain,rice,100.0,150.0,30.71429,1.42857,0.71429,,,3.57143,2.14286,478.572,"WATER, PARBOILED LONG GRAIN RICE, SEASONING BLEND (MALTODEXTRIN, SUGAR, SALT, NATURAL ONION EXTRACT, YEAST EXTRACT, NATURAL GARLIC EXTRACT, CORN STARCH, CUMIN, CHICKEN FAT, CORIANDER, SPICES, SILICON DIOXIDE [ANTICAKING AGENT]), SUNFLOWER OIL, DEHYDRATED PARSLEY.","{'carbs_g': '30.7g', 'fiber_g': '1.4g', 'sugar_g': '0.7g', 'added_sugar_g': 'not listed', 'sugar_alcohols_g': 'not listed', 'protein_g': '3.6g', 'fat_g': '2.1g', 'sodium_mg': '479mg'}",29.28572,
"Great Value 100% Whole Grain Old Fashioned Oats, 42 oz",Great Value,78742371047,openfoodfacts,2025-09-09T20:02:09.386771,grain,oats,40.0,150.0,27.0,4.0,,,,5.0,2.5,0.0,WHOLE GRAIN ROLLED OATS,"{'carbs_g': '27.0g', 'fiber_g': '4.0g', 'sugar_g': 'not listed', 'added_sugar_g': 'not listed', 'sugar_alcohols_g': 'not listed', 'protein_g': '5.0g', 'fat_g': '2.5g', 'sodium_mg': '0mg'}",23.0,
Whole Cashews With Sea Salt,Members Mark,78742444444,openfoodfacts,2025-09-09T20:07:11.571032,nut,nuts-seeds,28.0,170.0,9.0,1.0,2.0,,,5.0,13.0,100.0,"cashews, sea salt, peanut oil,","{'carbs_g': '9.0g', 'fiber_g': '1.0g', 'sugar_g': '2.0g', 'added_sugar_g': 'not listed', 'sugar_alcohols_g': 'not listed', 'protein_g': '5.0g', 'fat_g': '13.0g', 'sodium_mg': '100mg'}",8.0,
Deluxe Mixed Nuts with Sea Salt,Member's Mark,78742444451,openfoodfacts,2025-09-09T20:07:08.197852,nut,nuts-seeds,28.0,180.0,7.0,2.0,2.0,0.0,,5.0000000008,14.9999999996,70.0,"Cashews, almonds, pecans, pistachios, hazelnuts (filberts), peanut oil, sea salt.","{'carbs_g': '7.0g', 'fiber_g': '2.0g', 'sugar_g': '2.0g', 'added_sugar_g': '0g', 'sugar_alcohols_g': 'not listed', 'protein_g': '5.0g', 'fat_g': '15.0g', 'sodium_mg': '70mg'}",5.0,
Unsalted Deluxe Mixed Nuts,Member's Mark,78742444475,openfoodfacts,2025-09-09T20:07:13.894090,nut,nuts-seeds,28.349,180.0,7.0,2.0,2.0,0.0,,5.0,15.0,0.0,"CASHEWS, ALMONDS, PECANS, PISTACHIOS, HAZELNUTS (FILBERTS), PEANUT OIL CONTAINS: CASHEW, ALMOND, PECAN, PISTACHIO, HAZELNUT (FILBERT). MAY CONTAIN: PEANUT, BRAZIL NUT, MACADAMIA NUT, PINE NUT, WALNUT.","{'carbs_g': '7.0g', 'fiber_g': '2.0g', 'sugar_g': '2.0g', 'added_sugar_g': '0g', 'sugar_alcohols_g': 'not listed', 'protein_g': '5.0g', 'fat_g': '15.0g', 'sodium_mg': '0mg'}",5.0,
Whole Grain Oatmeal,Coach's Oats,787572100726,openfoodfacts,2025-09-09T20:02:47.018131,grain,oats,100.0,400.0,77.5,10.0,0.0,,,15.0,7.5,0.0,whole grain oats.,"{'carbs_g': '77.5g', 'fiber_g': '10.0g', 'sugar_g': '0g', 'added_sugar_g': 'not listed', 'sugar_alcohols_g': 'not listed', 'protein_g': '15.0g', 'fat_g': '7.5g', 'sodium_mg': '0mg'}",67.5,
Quick oats,Ralston Foods,791669620196,openfoodfacts,2025-09-09T20:02:33.290117,grain,oats,40.0,150.0,27.0,4.0,,,,5.0,2.5,0.0,Whole Grain Rolled Oats,"{'carbs_g': '27.0g', 'fiber_g': '4.0g', 'sugar_g': 'not listed', 'added_sugar_g': 'not listed', 'sugar_alcohols_g': 'not listed', 'protein_g': '5.0g', 'fat_g': '2.5g', 'sodium_mg': '0mg'}",23.0,
Organic Tri- Color Quinoa,O Organics,79893411675,openfoodfacts,2025-09-09T20:03:49.640294,grain,quinoa,45.0,150.0,31.0,3.0,1.0,,,5.0,2.0,0.0,"Organic white quinoa, organic red quinoa, organic black quinoa.","{'carbs_g': '31.0g', 'fiber_g': '3.0g', 'sugar_g': '1.0g', 'added_sugar_g': 'not listed', 'sugar_alcohols_g': 'not listed', 'protein_g': '5.0g', 'fat_g': '2.0g', 'sodium_mg': '0mg'}",28.0,
Spaghetti grossi - No. 5,Rummo,8008343200059,openfoodfacts,2025-09-09T20:04:29.797538,grain,pasta-noodles,100.0,356.0,69.5,2.9,3.1,,,14.5,1.6,2.0,durum wheat semola,"{'carbs_g': '69.5g', 'fiber_g': '2.9g', 'sugar_g': '3.1g', 'added_sugar_g': 'not listed', 'sugar_alcohols_g': 'not listed', 'protein_g': '14.5g', 'fat_g': '1.6g', 'sodium_mg': '2mg'}",66.6,
Cooked Sticky White Rice,bibigo,807176769645,openfoodfacts,2025-09-09T20:02:56.309478,grain,rice,210.0,310.0,70.98,3.003,,,,6.006,0.9996,9.996,"rice, gluconic acid","{'carbs_g': '71.0g', 'fiber_g': '3.0g', 'sugar_g': 'not listed', 'added_sugar_g': 'not listed', 'sugar_alcohols_g': 'not listed', 'protein_g': '6.0g', 'fat_g': '1.0g', 'sodium_mg': '10mg'}",67.977,
Capellini (Spagetti) Nr. 1,Barilla,8076800195019,openfoodfacts,2025-09-09T20:04:16.632799,grain,pasta-noodles,80.0,287.0,56.8,2.4,2.8,,,10.4,1.6,3.2,"durum wheat semolina, water, may contain traces of eggs if produced in the plant indicated with letter (a),","{'carbs_g': '56.8g', 'fiber_g': '2.4g', 'sugar_g': '2.8g', 'added_sugar_g': 'not listed', 'sugar_alcohols_g': 'not listed', 'protein_g': '10.4g', 'fat_g': '1.6g', 'sodium_mg': '3mg'}",54.4,
Spaghetti No: 5,Barilla,8076800195057,openfoodfacts,2025-09-09T20:04:14.722775,grain,pasta-noodles,85.0,305.0,60.3,2.55,2.98,,,11.1,1.7,3.4,"durum wheat semolina, water.","{'carbs_g': '60.3g', 'fiber_g': '2.5g', 'sugar_g': '3.0g', 'added_sugar_g': 'not listed', 'sugar_alcohols_g': 'not listed', 'protein_g': '11.1g', 'fat_g': '1.7g', 'sodium_mg': '3mg'}",57.75,
Rigatoni,Barilla,8076802085899,openfoodfacts,2025-09-09T20:05:06.190438,grain,pasta-noodles,85.0,305.0,60.3,2.55,2.98,0.0,,11.1,1.7,3.4,"durum wheat semolina, water.","{'carbs_g': '60.3g', 'fiber_g': '2.5g', 'sugar_g': '3.0g', 'added_sugar_g': '0g', 'sugar_alcohols_g': 'not listed', 'protein_g': '11.1g', 'fat_g': '1.7g', 'sodium_mg': '3mg'}",57.75,
Pâtes linguine collezione 500g,Barilla,8076809523509,openfoodfacts,2025-09-09T20:04:15.687435,grain,pasta-noodles,80.0,287.0,56.8,2.4,2.8,,,10.4,1.6,3.2,"durum wheat semolina, water, may contain traces of soya,","{'carbs_g': '56.8g', 'fiber_g': '2.4g', 'sugar_g': '2.8g', 'added_sugar_g': 'not listed', 'sugar_alcohols_g': 'not listed', 'protein_g': '10.4g', 'fat_g': '1.6g', 'sodium_mg': '3mg'}",54.4,
Edamame Himalayan Pink Salt,Biena,810003781918,openfoodfacts,2025-09-12T18:34:15.412570+00:00,nut,nuts-seeds,30.0,130.0,9.0,5.0,2.0,0.0,,13.0,5.0,260.0,"Edamame (Soybeans), Avocado Oil, Himalayan Pink Salt, Seasoning (Himalayan Pink Salt, Black Pepper, Onion Powder, Garlic Powder, Yeast Extract)","{'carbs_g': '9.0g', 'fiber_g': '5.0g', 'sugar_g': '2.0g', 'added_sugar_g': '0g', 'sugar_alcohols_g': 'not listed', 'protein_g': '13.0g', 'fat_g': '5.0g', 'sodium_mg': '260mg'}",4.0,nuts-and-seeds
Organic Sprouted Pumpkin Seeds,Go Raw,810032300463,openfoodfacts,2025-09-12T18:36:09.152958+00:00,nut,nuts-seeds,30.0,180.0,3.0,2.0,0.0,0.0,,8.0,15.0,180.0,"Organic Sprouted Pumpkin Seeds, Sea Salt","{'carbs_g': '3.0g', 'fiber_g': '2.0g', 'sugar_g': '0g', 'added_sugar_g': '0g', 'sugar_alcohols_g': 'not listed', 'protein_g': '8.0g', 'fat_g': '15.0g', 'sodium_mg': '180mg'}",1.0,plant-based-foods-and-beverages|plant-based-foods|seeds|pumpkin-and-squash-plant-products|cucurbitacea-seeds|pumpkin-seeds-and-their-products|pumpkin-seeds
Organic Quinoa,Sideaway Foods,810067110273,openfoodfacts,2025-09-09T20:04:02.230370,grain,quinoa,45.0,170.0,29.0,3.0,0.0,,,6.0,2.5,0.0,Organic White Quinoa,"{'carbs_g': '29.0g', 'fiber_g': '3.0g', 'sugar_g': '0g', 'added_sugar_g': 'not listed', 'sugar_alcohols_g': 'not listed', 'protein_g': '6.0g', 'fat_g': '2.5g', 'sodium_mg': '0mg'}",26.0,
Vanilla Pecan Collagen Protein Oats,Purely Elizabeth,810589031087,openfoodfacts,2025-09-09T20:02:51.082169,grain,oats,40.0,160.0,26.0,4.0,5.0,4.0,,6.0,4.0,130.0,"Organic Gluten-Free Oats, Organic Pecans, Grass-Fed Collagen, Organic Coconut Sugar, Vanilla Powder, Organic Quinoa Flakes, Organic Chia Seeds, Organic Amaranth Puffs, Organic Cinnamon, Salt","{'carbs_g': '26.0g', 'fiber_g': '4.0g', 'sugar_g': '5.0g', 'added_sugar_g': '4.0g', 'sugar_alcohols_g': 'not listed', 'protein_g': '6.0g', 'fat_g': '4.0g', 'sodium_mg': '130mg'}",22.0,
Banana Nut Superfood Oatmeal Multipack,Purely Elizabeth,810589031742,openfoodfacts,2025-09-09T20:02:16.499538,grain,oats,43.0,159.999999999994,30.000000000015,6.0,8.0,5.0,,4.999999999981,4.000000000002,110.0,"organic certified gluten-free oats, organic coconut sugar, freeze dried bananas, organic flax seeds, organic chia seeds, chicory root powder, almonds, sea salt, organic quinoa flakes, organic puffed amaranth","{'carbs_g': '30.0g', 'fiber_g': '6.0g', 'sugar_g': '8.0g', 'added_sugar_g': '5.0g', 'sugar_alcohols_g': 'not listed', 'protein_g': '5.0g', 'fat_g': '4.0g', 'sodium_mg': '110mg'}",24.000000000015,
Fairlife whole milk ultra-filtered,fairlife,811620020169,openfoodfacts,2025-09-09T20:10:13.311882,drink,drink,240.0,150.0,6.0,0.0,6.0,,,13.0,8.0,46.875,"ultra-filtered milk, lactase enzyme, vitamin a palmitate, vitamin d3,","{'carbs_g': '6.0g', 'fiber_g': '0g', 'sugar_g': '6.0g', 'added_sugar_g': 'not listed', 'sugar_alcohols_g': 'not listed', 'protein_g': '13.0g', 'fat_g': '8.0g', 'sodium_mg': '47mg'}",6.0,
High Protein chocolate Milk Shake,Core Power,811620021951,openfoodfacts,2025-09-09T20:10:14.920231,drink,drink,414.0,170.0,8.0,2.0,0.0,0.0,,26.0,4.5,260.0,"FILTERED LOW FAT GRADE A MILK, ALKALIZED COCOA, NATURAL FLAVORS, MONK FRUIT JUICE CONCENTRATE, STEVIA LEAF EXTRACT, CARRAGEENAN, CELLULOSE GEL, CELLULOSE GUM, ACESULFAME POTASSIUM, SUCRALOSE, LACTASE ENZYME, VITAMIN A PALMITATE, VITAMIN D3.","{'carbs_g': '8.0g', 'fiber_g': '2.0g', 'sugar_g': '0g', 'added_sugar_g': '0g', 'sugar_alcohols_g': 'not listed', 'protein_g': '26.0g', 'fat_g': '4.5g', 'sodium_mg': '260mg'}",6.0,
Chocolate Nutrition Shake,fairlife,811620022118,openfoodfacts,2025-09-09T20:09:43.478730,drink,drink,340.0,150.0,4.0,1.0,2.0,0.0,,30.0,2.5,0.0,"lowfat grade A milk, alkalized cocoa, natural flavors, cellulose gel, cellulose gum, salt, carrageenan, lactase enzyme, monk fruit juice concentrate, acesulfame potassium, sucralose, stevia leaf extract, lactase enzyme, vitamin A palmitate, vitamin D3","{'carbs_g': '4.0g', 'fiber_g': '1.0g', 'sugar_g': '2.0g', 'added_sugar_g': '0g', 'sugar_alcohols_g': 'not listed', 'protein_g': '30.0g', 'fat_g': '2.5g', 'sodium_mg': '0mg'}",3.0,
Blueberry Cinnamon Nut Granola Sweet & Crunchy,nutrail,819562022791,openfoodfacts,2025-09-12T18:36:31.953166+00:00,nut,nuts-seeds,30.0,160.0,9.0,3.0,2.0,,4.0,4.0,15.0,0.025,"sunflower seeds, pumpkin seeds, coconut, almonds, pecans, erythritol, butter (pasteurized cream, natural flavor), dried blueberries, cinnamon, salt, monk fruit extract","{'carbs_g': '9.0g', 'fiber_g': '3.0g', 'sugar_g': '2.0g', 'added_sugar_g': 'not listed', 'sugar_alcohols_g': '4.0g', 'protein_g': '4.0g', 'fat_g': '15.0g', 'sodium_mg': '0mg'}",2.0,plant-based-foods-and-beverages|plant-based-foods|breakfasts|cereals-and-potatoes|seeds|cereals-and-their-products|nuts-and-their-products|breakfast-cereals|cereal-grains|nuts
Jasmine Rice (Thai Hom Mali Rice),Asian Best,83737143653,openfoodfacts,2025-09-09T20:03:24.349339,grain,rice,50.0,170.0,39.0,,,0.0,,3.0,0.5,0.0,(THAI HOM MA,"{'carbs_g': '39.0g', 'fiber_g': 'not listed', 'sugar_g': 'not listed', 'added_sugar_g': '0g', 'sugar_alcohols_g': 'not listed', 'protein_g': '3.0g', 'fat_g': '0.5g', 'sodium_mg': '0mg'}",39.0,
Pasta alimenticia integral,Hacendado,8402001010200,openfoodfacts,2025-09-09T20:04:23.730402,grain,pasta-noodles,100.0,345.0,62.0,10.0,3.7,,,13.5,2.4,4.0,"Sémola integral de trigo duro (gluten). Puede contener trazas de huevos, soja y mostaza,","{'carbs_g': '62.0g', 'fiber_g': '10.0g', 'sugar_g': '3.7g', 'added_sugar_g': 'not listed', 'sugar_alcohols_g': 'not listed', 'protein_g': '13.5g', 'fat_g': '2.4g', 'sodium_mg': '4mg'}",52.0,
Certified Organic Quinoa,Vitacost,844197020652,openfoodfacts,2025-09-09T20:03:51.233601,grain,quinoa,100.0,0.0,29.0,,,,,6.0,2.5,0.0,,"{'carbs_g': '29.0g', 'fiber_g': 'not listed', 'sugar_g': 'not listed', 'added_sugar_g': 'not listed', 'sugar_alcohols_g': 'not listed', 'protein_g': '6.0g', 'fat_g': '2.5g', 'sodium_mg': '0mg'}",29.0,
8480000137388,HACENDADO,8480000137388,openfoodfacts,2025-09-12T17:33:22.536281+00:00,nut,nuts-seeds,30.0,125.0,6.3,3.99,3.0,,,14.0,3.96,0.0,defatted roasted peanuts (100%),"{'carbs_g': '6.3g', 'fiber_g': '4.0g', 'sugar_g': '3.0g', 'added_sugar_g': 'not listed', 'sugar_alcohols_g': 'not listed', 'protein_g': '14.0g', 'fat_g': '4.0g', 'sodium_mg': '0mg'}",2.3099999999999996,
Crema de cacahuete Amendoim,Hacendado,8480000228369,openfoodfacts,2025-09-12T17:30:42.375579+00:00,nut,nuts-seeds,15.0,91.2,1.8,1.23,0.81,,,4.5,7.05,0.0,"cacahuetes  100% (arachis hypogaea),","{'carbs_g': '1.8g', 'fiber_g': '1.2g', 'sugar_g': '0.8g', 'added_sugar_g': 'not listed', 'sugar_alcohols_g': 'not listed', 'protein_g': '4.5g', 'fat_g': '7.0g', 'sodium_mg': '0mg'}",0.5700000000000001,
Nuez natural pelada,Hacendado,8480000340245,openfoodfacts,2025-09-12T17:29:32.081944+00:00,nut,nuts-seeds,100.0,716.0,55.4,1.7,0.0,0.0,,6.2,69.6,0.0,nuts,"{'carbs_g': '55.4g', 'fiber_g': '1.7g', 'sugar_g': '0g', 'added_sugar_g': '0g', 'sugar_alcohols_g': 'not listed', 'protein_g': '6.2g', 'fat_g': '69.6g', 'sodium_mg': '0mg'}",53.7,
Almendra natural,HACENDADO,8480000348654,openfoodfacts,2025-09-12T17:30:41.227724+00:00,nut,nuts-seeds,200.0,1280.0,11.8,24.4,11.8,,,50.4,110.0,16.0,ALMENDRA. TRAZAS DE _CACAHUETE_ Y OTROS FRUTOS DE CÁSCARA.,"{'carbs_g': '11.8g', 'fiber_g': '24.4g', 'sugar_g': '11.8g', 'added_sugar_g': 'not listed', 'sugar_alcohols_g': 'not listed', 'protein_g': '50.4g', 'fat_g': '110.0g', 'sodium_mg': '16mg'}",0.0,
Pistacho tostado sal,Hacendado,8480000862020,openfoodfacts,2025-09-12T17:33:20.618327+00:00,nut,nuts-seeds,100.0,617.0,14.6,10.0,8.3,,,24.8,51.1,316.0,"PISTACHOS, Sal.
Trazas de cacahuete y otros frutos de cáscara.","{'carbs_g': '14.6g', 'fiber_g': '10.0g', 'sugar_g': '8.3g', 'added_sugar_g': 'not listed', 'sugar_alcohols_g': 'not listed', 'protein_g': '24.8g', 'fat_g': '51.1g', 'sodium_mg': '316mg'}",4.6,
Cinnamon Toast Keto Friendly Cereal,Catalina Crunch,850017468177,openfoodfacts,2025-09-09T20:06:39.252198,cereal,cereal,36.0,110.0,14.0,9.0,0.0,0.0,,11.0,5.0,110.0,"Catalina Flour (Pea Protein, Potato Fiber, Non-GMO Corn Fiber, Chicory Root Fiber, Guar Gum), Tapioca Flour, High Oleic Sunflower Oil, Baking Powder, Natural Flavors, Cinnamon, Sea Salt, Calcium Carbonate, Stevia Extract, Monk Fruit Extract.","{'carbs_g': '14.0g', 'fiber_g': '9.0g', 'sugar_g': '0g', 'added_sugar_g': '0g', 'sugar_alcohols_g': 'not listed', 'protein_g': '11.0g', 'fat_g': '5.0g', 'sodium_mg': '110mg'}",5.0,
Organic Popcorn Himalayan Gold,Lesser Evil,850045947576,openfoodfacts,2025-09-12T18:50:15.324734+00:00,bread,bread,28.0,120.0,14.0,4.0,,,,2.0,6.0,170.0,"organic non-gmo popcorn, organic coconut oil, Himalayan salt, organic butter-type flavor","{'carbs_g': '14.0g', 'fiber_g': '4.0g', 'sugar_g': 'not listed', 'added_sugar_g': 'not listed', 'sugar_alcohols_g': 'not listed', 'protein_g': '2.0g', 'fat_g': '6.0g', 'sodium_mg': '170mg'}",10.0,plant-based-foods-and-beverages|plant-based-foods|snacks|cereals-and-potatoes|breads|popcorn|white-breads|bread-white-from-wheat-flour-of-the-highest-grade-gost-26987-86
Saffron rice,,85239052815,openfoodfacts,2025-09-09T20:03:21.082521,grain,rice,100.0,68.273092369478,12.85140562249,0.40160642570281,0.0,,,1.6064257028112,1.2048192771084,176.70682730924,"WATER, PARBOILED WHITE RICE, CANOLA OIL, SALT, GROUND CUMIN SEED, TOMATO POWDER, TURMERIC (COLOR), SAFFRON (COLOR). PROCESSED IN A FACILITY THAT ALSO HANDLES SOY, TREE NUT AND WHEAT INGREDIENTS O 30mg 2% 60mg 4% 0.8mg 4% 1.6mg 10% 2% 190mg 4% 90mg","{'carbs_g': '12.9g', 'fiber_g': '0.4g', 'sugar_g': '0g', 'added_sugar_g': 'not listed', 'sugar_alcohols_g': 'not listed', 'protein_g': '1.6g', 'fat_g': '1.2g', 'sodium_mg': '177mg'}",12.44979919678719,
Organic Quinoa,Good & Gather,85239052907,openfoodfacts,2025-09-09T20:03:52.007040,grain,quinoa,45.0,170.0,29.0,3.02,0.0,,,6.0,2.5,0.0,Organic white quinoa.,"{'carbs_g': '29.0g', 'fiber_g': '3.0g', 'sugar_g': '0g', 'added_sugar_g': 'not listed', 'sugar_alcohols_g': 'not listed', 'protein_g': '6.0g', 'fat_g': '2.5g', 'sodium_mg': '0mg'}",25.98,
Quinoa,,85239052914,openfoodfacts,2025-09-09T20:04:03.857371,grain,quinoa,45.0,170.0,29.0,3.02,0.0,,,6.0,2.5,0.0,Organic white quinoa.,"{'carbs_g': '29.0g', 'fiber_g': '3.0g', 'sugar_g': '0g', 'added_sugar_g': 'not listed', 'sugar_alcohols_g': 'not listed', 'protein_g': '6.0g', 'fat_g': '2.5g', 'sodium_mg': '0mg'}",25.98,
Old Fashioned Oats,Good and father,85239111857,openfoodfacts,2025-09-09T20:02:41.920484,grain,oats,40.0,150.0,27.0,4.0,0.0,,,5.0,2.5,0.0,WHOLE GRAIN ROLLED OATS.,"{'carbs_g': '27.0g', 'fiber_g': '4.0g', 'sugar_g': '0g', 'added_sugar_g': 'not listed', 'sugar_alcohols_g': 'not listed', 'protein_g': '5.0g', 'fat_g': '2.5g', 'sodium_mg': '0mg'}",23.0,
Old fashioned oats,Good & Gather,85239111864,openfoodfacts,2025-09-09T20:02:14.972943,grain,oats,40.0,150.0,27.0,4.0,,,,5.0,2.5,0.0,whole grain oats,"{'carbs_g': '27.0g', 'fiber_g': '4.0g', 'sugar_g': 'not listed', 'added_sugar_g': 'not listed', 'sugar_alcohols_g': 'not listed', 'protein_g': '5.0g', 'fat_g': '2.5g', 'sodium_mg': '0mg'}",23.0,
Steel Cut Oats,Good & Gather,85239111871,openfoodfacts,2025-09-09T20:02:52.609700,grain,oats,40.0,150.0,27.0,4.0,0.0,,,5.0,2.5,0.0,WHOLE GRAIN STEEL CUT OATS,"{'carbs_g': '27.0g', 'fiber_g': '4.0g', 'sugar_g': '0g', 'added_sugar_g': 'not listed', 'sugar_alcohols_g': 'not listed', 'protein_g': '5.0g', 'fat_g': '2.5g', 'sodium_mg': '0mg'}",23.0,
Dark Chocolate Overnight Oats,Brekki,853330007306,openfoodfacts,2025-09-09T20:02:20.339011,grain,oats,150.0,230.0,29.0,6.0,10.0,9.0,,8.0,10.0,130.0,"Almond Milk (Water, Almond Butter), Rolled Oats, Organic Coconut Nectar, Cocoa Powder, Almonds, Cane Sugar, Vanilla Extract, Buckwheat Groats, Chia Seeds, Flax Seeds, Vegan Cultured Dextrose, Sea Salt. CONTAINS: _Almonds_, _Coconuts_.","{'carbs_g': '29.0g', 'fiber_g': '6.0g', 'sugar_g': '10.0g', 'added_sugar_g': '9.0g', 'sugar_alcohols_g': 'not listed', 'protein_g': '8.0g', 'fat_g': '10.0g', 'sodium_mg': '130mg'}",23.0,
Original Ancient Grain Granola,purely elizabeth.,855140002175,openfoodfacts,2025-09-09T20:06:18.070869,grain,oats,30.0,130.0,18.0,2.0,6.0,6.0,,3.0,5.0,417.0,"Organic Certified Gluten-Free Oats, Organic Coconut Sugar, Organic Coconut Oil, Organic Sunflower Seeds, Organic Puffed Amaranth, Organic Quinoa Flakes, Organic Chia Seeds, Organic Cinnamon, Sea Salt.","{'carbs_g': '18.0g', 'fiber_g': '2.0g', 'sugar_g': '6.0g', 'added_sugar_g': '6.0g', 'sugar_alcohols_g': 'not listed', 'protein_g': '3.0g', 'fat_g': '5.0g', 'sodium_mg': '417mg'}",16.0,
Apple Cinnamon Pecan Superfood Oats,Purely Elizabeth,855140002298,openfoodfacts,2025-09-09T20:02:48.728152,grain,oats,40.0,160.0,25.0,5.0,2.0,,,5.0,4.5,5.0,"Organic gluten-free oats, organic dried apples, organic pecans, organic flax seeds, organic quinoa flakes, organic puffed amaranth, organic cinnamon.","{'carbs_g': '25.0g', 'fiber_g': '5.0g', 'sugar_g': '2.0g', 'added_sugar_g': 'not listed', 'sugar_alcohols_g': 'not listed', 'protein_g': '5.0g', 'fat_g': '4.5g', 'sodium_mg': '5mg'}",20.0,
Quinoa Super Cereal Puffed Stars,awsum snacks,856697007255,openfoodfacts,2025-09-09T20:03:45.703254,grain,quinoa,28.0,100.0,18.0,2.0,1.0,0.0,,4.0,1.5,0.0,ORGANIC ROYAL WHITE QUINOA.,"{'carbs_g': '18.0g', 'fiber_g': '2.0g', 'sugar_g': '1.0g', 'added_sugar_g': '0g', 'sugar_alcohols_g': 'not listed', 'protein_g': '4.0g', 'fat_g': '1.5g', 'sodium_mg': '0mg'}",16.0,
Penne Made From Chickpeas,Banza,857183005007,openfoodfacts,2025-09-09T20:05:51.593473,grain,pasta-noodles,56.0,190.0,34.0,7.0,1.0,,,11.0,3.0,17.864,"Chickpeas, Pea Starch, Tapioca, Xanthan Gum","{'carbs_g': '34.0g', 'fiber_g': '7.0g', 'sugar_g': '1.0g', 'added_sugar_g': 'not listed', 'sugar_alcohols_g': 'not listed', 'protein_g': '11.0g', 'fat_g': '3.0g', 'sodium_mg': '18mg'}",27.0,
Rotini Made From Chickpeas,Banza,857183005014,openfoodfacts,2025-09-09T20:05:53.405377,grain,pasta-noodles,56.0,189.99981,34.0,7.0,1.0,,,11.0,3.0,10.0,"Chickpeas, tapioca, pea protein, xanthan gum.","{'carbs_g': '34.0g', 'fiber_g': '7.0g', 'sugar_g': '1.0g', 'added_sugar_g': 'not listed', 'sugar_alcohols_g': 'not listed', 'protein_g': '11.0g', 'fat_g': '3.0g', 'sodium_mg': '10mg'}",27.0,
Shells Chickpea Pasta,Banza,857183005038,openfoodfacts,2025-09-09T20:05:52.621934,grain,pasta-noodles,56.0,190.0,35.0,5.0,1.0,,,11.0,3.0,20.0,"Chickpeas, Pea Starch, Tapioca, Xanthan Gum","{'carbs_g': '35.0g', 'fiber_g': '5.0g', 'sugar_g': '1.0g', 'added_sugar_g': 'not listed', 'sugar_alcohols_g': 'not listed', 'protein_g': '11.0g', 'fat_g': '3.0g', 'sodium_mg': '20mg'}",30.0,
Chocolate Mocha Chip Light Ice Cream,Halo Top,858089003111,openfoodfacts,2025-09-09T20:07:40.739402,dessert,ice-cream,86.0,110.0,21.0,6.0,9.0,4.0,9.0,6.0,2.5,95.0,"milk and cream, eggs, erythritol, prebiotic fiber, milk protein concentrate, organic cane sugar, high fat cocoa, white chocolate chips (sugar, cocoa butter, whole milk powder, milk proteins, lactose, soy lecithin), vegetable glycerin, sea salt, natural flavors, organic carob gum, organic guar gum, organic stevia,","{'carbs_g': '21.0g', 'fiber_g': '6.0g', 'sugar_g': '9.0g', 'added_sugar_g': '4.0g', 'sugar_alcohols_g': '9.0g', 'protein_g': '6.0g', 'fat_g': '2.5g', 'sodium_mg': '95mg'}",6.0,
Chocolate Chip Cookie Dough Light Ice Cream,Halo Top,858089003142,openfoodfacts,2025-09-09T20:07:58.590913,dessert,ice-cream,100.0,360.0,75.0,18.0,33.0,19.0,6.0,16.0,9.0,310.0,"Ultrafiltered Skim Milk, Skim Milk, Sugar, Soluble Corn Fiber, Erythritol, Cream, Vegetable Glycerine, Enriched Wheat Flour (Wheat Flour, Niacin, Reduced Iron, Thiamin Mononitrate, Riboflavin, Folic Acid), Contains 1% or less of: Natural Flavors, Unsweetened Chocolate, Cellulose Gel, Cellulose Gum, Soybean Oil, Cocoa Butter, Molasses, Mono and Diglycerides, White Rice Flour, Dextrose, Inulin, Salt, Milkfat, Sunflower Lecithin, Baking Soda, Vitamin A Palmitate, Stevia Leaf Extract (Reb M), Soy Lecithin.","{'carbs_g': '75.0g', 'fiber_g': '18.0g', 'sugar_g': '33.0g', 'added_sugar_g': '19.0g', 'sugar_alcohols_g': '6.0g', 'protein_g': '16.0g', 'fat_g': '9.0g', 'sodium_mg': '310mg'}",51.0,
Cooked Brown Rice,Minsley,858354001927,openfoodfacts,2025-09-09T20:03:04.144427,grain,rice,210.0,350.0,74.0,3.0,1.0,0.0,,7.0,2.5,7000.0,"WATER, ORGANIC BROWN RICE, Water, Rice, Gluconic Acid(For Flavor), Water, Rice, Glu","{'carbs_g': '74.0g', 'fiber_g': '3.0g', 'sugar_g': '1.0g', 'added_sugar_g': '0g', 'sugar_alcohols_g': 'not listed', 'protein_g': '7.0g', 'fat_g': '2.5g', 'sodium_mg': '7000mg'}",71.0,
Jasmine Rice,Suraj,859278003141,openfoodfacts,2025-09-09T20:03:13.525916,grain,rice,100.0,377.77777777778,82.222222222222,2.2222222222222,0.0,,,6.6666666666667,0.0,0.0,Rice,"{'carbs_g': '82.2g', 'fiber_g': '2.2g', 'sugar_g': '0g', 'added_sugar_g': 'not listed', 'sugar_alcohols_g': 'not listed', 'protein_g': '6.7g', 'fat_g': '0g', 'sodium_mg': '0mg'}",79.9999999999998,
Garlic Parmesan Flavored Sunflower Seeds,Smackin',860008266217,openfoodfacts,2025-09-12T18:35:07.578558+00:00,nut,nuts-seeds,33.0,220.0,7.0,3.0,1.0,,,8.0,18.0,0.0,"Sunflower Seeds, Salt, Maltodextrin, Parmesan Cheese (Pasteurized Milk, Salt, Cheese Cultures, Enzymes), Garlic Powder, Sugar, Nonfat Dry Milk, Yeast Extract, Butter (Cream), Parsley, Citric Acid, Lactic Acid, Natural Vitamin E & Vitamin C Ester","{'carbs_g': '7.0g', 'fiber_g': '3.0g', 'sugar_g': '1.0g', 'added_sugar_g': 'not listed', 'sugar_alcohols_g': 'not listed', 'protein_g': '8.0g', 'fat_g': '18.0g', 'sodium_mg': '0mg'}",4.0,nuts-and-seeds
whole grain honey nut toasted oats,Grain Berry,86341170510,openfoodfacts,2025-09-09T20:02:39.533769,grain,oats,40.0,160.0,31.0,3.0,10.0,10.0,,4.0,2.0,140.0,"Whole grain oats, brown sugar, wheat starch, sorghum blend: (hi-tannin bran, whole grain onyx), modified corn starch, honey, salt, tricalcium phosphate, tripotassium, phosphate, molasses, tocopherols (vitamin e) added to maintain freshness, almonds, canola oil. vitamins & minerals: calcium carbonate, iron & zinc (mineral nutrients), vitamin c (sodium ascorbate, ascorbic acid), vitamin e (acetate), vitamin b3 (niacinamide), vitamin a (palmitate), vitamin b6 (pyridoxine hydrochloride), folic acid, vitamin b2 (riboflavin), vitamin d (cholecalciferol), vitamin b1 (thiamine hydrochloride), vitamin b12 (cycanocobalamin)","{'carbs_g': '31.0g', 'fiber_g': '3.0g', 'sugar_g': '10.0g', 'added_sugar_g': '10.0g', 'sugar_alcohols_g': 'not listed', 'protein_g': '4.0g', 'fat_g': '2.0g', 'sodium_mg': '140mg'}",28.0,
Wraps Multigrains,Gruma,8710637105390,openfoodfacts,2025-09-09T20:08:33.666818,cereal,cereal,61.6,192.0,32.0,3.94,0.616,,,4.5,4.31,227.0,"wheat flour 66%, water, seed mixture 2.6% (brown flaxseed, golden flaxseed), rapeseed oil, stabilizers (glycerol, guar gum, e466), sugar, fermented wheat, salt, baking powders (e500, e450), acidifier (citric acid), emulsifiers (e471, e472e), natural flavour","{'carbs_g': '32.0g', 'fiber_g': '3.9g', 'sugar_g': '0.6g', 'added_sugar_g': 'not listed', 'sugar_alcohols_g': 'not listed', 'protein_g': '4.5g', 'fat_g': '4.3g', 'sodium_mg': '227mg'}",28.06,
Sesame crostini crunchy little toasts with bold possibilities,,8710649120909,openfoodfacts,2025-09-12T15:00:15.971952+00:00,cereal,cereal,20.0,80.0,14.0,1.0,1.0,,,3.0,1.5,0.2,"Wheat flour, sesame seeds, yeast, salt, malt (barley), emulsifiers: sodium stearoyl-2-lactylate, soy lecithin.","{'carbs_g': '14.0g', 'fiber_g': '1.0g', 'sugar_g': '1.0g', 'added_sugar_g': 'not listed', 'sugar_alcohols_g': 'not listed', 'protein_g': '3.0g', 'fat_g': '1.5g', 'sodium_mg': '0mg'}",13.0,
Sweet Rice,Wang Globalnet,87703001602,openfoodfacts,2025-09-09T20:03:25.125550,grain,rice,30.0,100.0,24.0,0.5,0.0,0.0,,2.0,0.0,0.0,Glutinous Rice,"{'carbs_g': '24.0g', 'fiber_g': '0.5g', 'sugar_g': '0g', 'added_sugar_g': '0g', 'sugar_alcohols_g': 'not listed', 'protein_g': '2.0g', 'fat_g': '0g', 'sodium_mg': '0mg'}",23.5,
Red Cargo Rice,Asian Taste,877363685133,openfoodfacts,2025-09-09T20:03:26.783826,grain,rice,100.0,0.0,,,,,,,,0.0,Red cargo rice,"{'carbs_g': 'not listed', 'fiber_g': 'not listed', 'sugar_g': 'not listed', 'added_sugar_g': 'not listed', 'sugar_alcohols_g': 'not listed', 'protein_g': 'not listed', 'fat_g': 'not listed', 'sodium_mg': '0mg'}",0.0,
Grape-Nuts Cereal,Post,884912004710,openfoodfacts,2025-09-09T20:06:09.051284,cereal,cereal,58.0,200.0,47.0,7.0,5.0,,,6.0,1.0,280.0,"whole grain wheat flour, malted barley flour, salt, dried yeast, vitamins and minerals: reduced iron, niacinamide, zinc oxide (source of zinc), vitamin b6, thiamin mononitrate (vitamin b1), folic acid.","{'carbs_g': '47.0g', 'fiber_g': '7.0g', 'sugar_g': '5.0g', 'added_sugar_g': 'not listed', 'sugar_alcohols_g': 'not listed', 'protein_g': '6.0g', 'fat_g': '1.0g', 'sodium_mg': '280mg'}",40.0,
Grape-Nuts,Post,884912004727,openfoodfacts,2025-09-09T20:06:36.671026,cereal,cereal,58.0,200.0,47.0,7.0,5.0,,,6.0,1.0,0.28,"Whole grain wheat flour, malted barley flour, salt, dried yeast.

Vitamins and minerals: Reduced iron, niacinamide (vitamin B3), zinc oxide (source of zinc), pyridoxine hydrochloride (vitamin B6), thiamin mononitrate (vitamin B1), folic acid.","{'carbs_g': '47.0g', 'fiber_g': '7.0g', 'sugar_g': '5.0g', 'added_sugar_g': 'not listed', 'sugar_alcohols_g': 'not listed', 'protein_g': '6.0g', 'fat_g': '1.0g', 'sodium_mg': '0mg'}",40.0,
"great grains Raisins, Dates & Pecans Cereal",Post,884912126115,openfoodfacts,2025-09-12T18:38:46.921919+00:00,nut,nuts-seeds,54.0,200.0,40.0,4.0,13.0,4.0,,4.0,4.0,140.0,"Whole Grain Wheat, Raisins, Cane Sugar, Whole Grain Rolled Oats, Dates, Wheat Flour, Malted Barley Flour, Rice Flour, Pecans, Expeller Pressed Canola Oil, Salt, Rice Syrup, Molasses. BHT added to preserve freshness. Vitamins and Minerals: Reduced Iron, Zinc Oxide, Niacinamide (Vitamin B3), Pyridoxine Hydrochloride (Vitamin B6), Vitamin A Palmitate, Riboflavin (Vitamin B2), Thiamin Mononitrate (Vitamin B1), Folic Acid, Vitamin D3, Vitamin B12. CONTAINS WHEAT AND PECANS.","{'carbs_g': '40.0g', 'fiber_g': '4.0g', 'sugar_g': '13.0g', 'added_sugar_g': '4.0g', 'sugar_alcohols_g': 'not listed', 'protein_g': '4.0g', 'fat_g': '4.0g', 'sodium_mg': '140mg'}",36.0,plant-based-foods-and-beverages|plant-based-foods|breakfasts|cereals-and-potatoes|seeds|cereals-and-their-products|breakfast-cereals|cereal-grains|mueslis|crunchy-cereal-clusters|oat
Shredded Wheat'n Bran,Post Consumer Brands,884912180599,openfoodfacts,2025-09-09T20:06:22.107284,cereal,cereal,60.0,210.0,49.02,7.98,0.0,0.0,,7.02,1.5,0.0,"Whole Grain Wheat,Wheat Bran,BHT","{'carbs_g': '49.0g', 'fiber_g': '8.0g', 'sugar_g': '0g', 'added_sugar_g': '0g', 'sugar_alcohols_g': 'not listed', 'protein_g': '7.0g', 'fat_g': '1.5g', 'sodium_mg': '0mg'}",41.040000000000006,
Instant Noodles Casserole Beef Flavour,Thai Preserved Food Factory Co. Ltd.,8850100002488,openfoodfacts,2025-09-09T20:05:23.557036,grain,pasta-noodles,60.0,52.2,7.2,3.0,0.36,,,1.14,2.04,264.0,"noodles (52,2 g)  wheat  flour 67,50%, palm oil 10,00%, water 1,20%, salt 0,50%, seasoning sachet (4,8 g): sugar 4,60%, garlic powder 3,60%, salt 2,50%,  soy  sauce powder 1,33%, chili powder 1,00%, dried spring onion 0,50%, monosodium glutamate 0,50%, artificial beef flavour 0,17%, black pepper 0,10%, oil sachet (3,0g): palm oil 5,00%, shallot 1,50%","{'carbs_g': '7.2g', 'fiber_g': '3.0g', 'sugar_g': '0.4g', 'added_sugar_g': 'not listed', 'sugar_alcohols_g': 'not listed', 'protein_g': '1.1g', 'fat_g': '2.0g', 'sodium_mg': '264mg'}",4.2,
8850389100684,Sappe Public Company Limited,8850389100684,openfoodfacts,2025-09-09T20:09:51.201045,drink,drink,320.0,170.0,41.6,1.6,38.4,,,0.0,0.0,64.0,"water, lychee juice from concentrate 25%, coconut 25%, fructose, sucrose, acidifiers (citric acid, calcium lactate), lychee flavor, preservative e211, gelling agent: gellan gum, color: e129 - 0.0001% (this dye may have adverse effects on activity and attention in children),","{'carbs_g': '41.6g', 'fiber_g': '1.6g', 'sugar_g': '38.4g', 'added_sugar_g': 'not listed', 'sugar_alcohols_g': 'not listed', 'protein_g': '0g', 'fat_g': '0g', 'sodium_mg': '64mg'}",40.0,
Mogu mogu,Sappe Public Company Limited,8850389111352,openfoodfacts,2025-09-09T20:10:04.446859,drink,drink,320.0,160.0,38.4,0.0,38.4,,,0.0,0.0,89.6,"water 72.57%, nata de coco 15%, fructose 7%, sugar 5%, acidity regulators (citric acid, calcium lactate), nature identical flavor (melon), preservative (sodium benzoate), added gelling agent (gellan gum), artificial colors (tartrazine, brilliant blue).","{'carbs_g': '38.4g', 'fiber_g': '0g', 'sugar_g': '38.4g', 'added_sugar_g': 'not listed', 'sugar_alcohols_g': 'not listed', 'protein_g': '0g', 'fat_g': '0g', 'sodium_mg': '90mg'}",38.4,
Wild rice,,890166000507,openfoodfacts,2025-09-09T20:03:17.061971,grain,rice,100.0,160.0,34.0,3.0,1.0,0.0,,13.3333,0.0,0.0,Wild rice,"{'carbs_g': '34.0g', 'fiber_g': '3.0g', 'sugar_g': '1.0g', 'added_sugar_g': '0g', 'sugar_alcohols_g': 'not listed', 'protein_g': '13.3g', 'fat_g': '0g', 'sodium_mg': '0mg'}",31.0,
"Organic quinoa with sea salt, sea salt",Ancient Harvest,89125105005,openfoodfacts,2025-09-09T20:03:58.100749,grain,quinoa,140.0,280.0,44.0,7.98,3.0,,,11.0,7.0,0.34,"cooked organic quinoa (water, organic white quinoa), organic coconut oil, sea salt,","{'carbs_g': '44.0g', 'fiber_g': '8.0g', 'sugar_g': '3.0g', 'added_sugar_g': 'not listed', 'sugar_alcohols_g': 'not listed', 'protein_g': '11.0g', 'fat_g': '7.0g', 'sodium_mg': '0mg'}",36.019999999999996,
Pre-Rinsed & Ready to Cook Gluten Free Traditional Quinoa,Ancient Harvest,89125148019,openfoodfacts,2025-09-09T20:03:56.709456,grain,quinoa,45.0,170.0,29.0,3.0,1.0,0.0,,6.0,2.5,0.0,,"{'carbs_g': '29.0g', 'fiber_g': '3.0g', 'sugar_g': '1.0g', 'added_sugar_g': '0g', 'sugar_alcohols_g': 'not listed', 'protein_g': '6.0g', 'fat_g': '2.5g', 'sodium_mg': '0mg'}",26.0,
Washed & Rinsed Organic Quinoa: Harmony Quinoa Gluten Free,Ancient Harvest,89125180002,openfoodfacts,2025-09-09T20:03:44.128533,grain,quinoa,44.0,170.0,30.0,1.98,3.0,,,5.0,2.0,2.68,"Blend of organic whole grain white, red and black quinoa","{'carbs_g': '30.0g', 'fiber_g': '2.0g', 'sugar_g': '3.0g', 'added_sugar_g': 'not listed', 'sugar_alcohols_g': 'not listed', 'protein_g': '5.0g', 'fat_g': '2.0g', 'sodium_mg': '3mg'}",28.02,
Maple Pecans,Sahale Snacks,893869000331,openfoodfacts,2025-09-12T18:33:39.492288+00:00,nut,nuts-seeds,100.0,518.5185,51.8519,,40.7407,,,7.4074,37.037,407.4074,"PECANS, WALNUTS, DRIED CHERRIES (CHERRIES, SUGAR), DRIED APPLES (APPLES, SUGAR), ORGANIC CANE SUGAR, MAPLE SUGAR, ORGANIC TAPIOCA SYRUP, BROWN SUGAR, SEA SALT, CINNAMON, NATURAL FLAVORS","{'carbs_g': '51.9g', 'fiber_g': 'not listed', 'sugar_g': '40.7g', 'added_sugar_g': 'not listed', 'sugar_alcohols_g': 'not listed', 'protein_g': '7.4g', 'fat_g': '37.0g', 'sodium_mg': '407mg'}",51.8519,nuts-and-seeds
Organic Premium Quinoa,Nature's Earthly Choice,897034002021,openfoodfacts,2025-09-09T20:03:39.272950,grain,quinoa,100.0,372.09302325581,62.790697674419,,4.6511627906977,,,11.627906976744,0.0,0.0,Organic quinoa,"{'carbs_g': '62.8g', 'fiber_g': 'not listed', 'sugar_g': '4.7g', 'added_sugar_g': 'not listed', 'sugar_alcohols_g': 'not listed', 'protein_g': '11.6g', 'fat_g': '0g', 'sodium_mg': '0mg'}",62.790697674419,
Premium Quinoa,Nature's Earthly Choice,897034002267,openfoodfacts,2025-09-09T20:03:58.865713,grain,quinoa,100.0,372.093023255814,62.7906976744186,11.6279069767442,4.65116279069767,0.0,,11.6279069767442,4.65116279069767,0.0,Organic Quinoa,"{'carbs_g': '62.8g', 'fiber_g': '11.6g', 'sugar_g': '4.7g', 'added_sugar_g': '0g', 'sugar_alcohols_g': 'not listed', 'protein_g': '11.6g', 'fat_g': '4.7g', 'sodium_mg': '0mg'}",51.1627906976744,
Organic Chia Seeds,Betterbody Foods,897922002041,openfoodfacts,2025-09-12T18:39:10.607002+00:00,nut,nuts-seeds,30.0,150.0,12.99,9.99,,,,5.01,9.0,0.0,"organic chia seeds,","{'carbs_g': '13.0g', 'fiber_g': '10.0g', 'sugar_g': 'not listed', 'added_sugar_g': 'not listed', 'sugar_alcohols_g': 'not listed', 'protein_g': '5.0g', 'fat_g': '9.0g', 'sodium_mg': '0mg'}",3.0,plant-based-foods-and-beverages|plant-based-foods|cereals-and-potatoes|seeds|cereals-and-their-products|cereal-grains|chia
Coconut Water,Vita Coco,898999000022,openfoodfacts,2025-09-09T20:09:46.313324,drink,drink,100.0,60.0,15.0,,14.0,2.0,,0.0,0.0,80.0,"Coconut water, sugar, ascorbic acid","{'carbs_g': '15.0g', 'fiber_g': 'not listed', 'sugar_g': '14.0g', 'added_sugar_g': '2.0g', 'sugar_alcohols_g': 'not listed', 'protein_g': '0g', 'fat_g': '0g', 'sodium_mg': '80mg'}",15.0,
Coconut Water The Original,Vita Coco,898999000503,openfoodfacts,2025-09-09T20:09:38.120273,drink,drink,240.0,45.0,11.0,,11.0,1.0,,0.0,0.0,240.0,"Coconut Water 99%, Vitamin C","{'carbs_g': '11.0g', 'fiber_g': 'not listed', 'sugar_g': '11.0g', 'added_sugar_g': '1.0g', 'sugar_alcohols_g': 'not listed', 'protein_g': '0g', 'fat_g': '0g', 'sodium_mg': '240mg'}",11.0,
The Original Coconut Water,Vita Coco,898999010007,openfoodfacts,2025-09-09T20:09:39.820757,drink,drink,240.0,45.12,11.5,,10.008,1.001,,0.0,0.0,104.88,"COCONUT WATER, SUGAR, ASCORBIC ACID (VITAMIN C)","{'carbs_g': '11.5g', 'fiber_g': 'not listed', 'sugar_g': '10.0g', 'added_sugar_g': '1.0g', 'sugar_alcohols_g': 'not listed', 'protein_g': '0g', 'fat_g': '0g', 'sodium_mg': '105mg'}",11.5,
Coconut Water With Pressed Coconut,Vita Coco,898999010144,openfoodfacts,2025-09-09T20:10:07.745644,drink,drink,500.0,120.0,24.0,,20.0,,,0.0,2.5,75.0,"Coconut Water, Coconut Purée, Fructose 1%, Vitamin C, Stabiliser: Gellan Gum","{'carbs_g': '24.0g', 'fiber_g': 'not listed', 'sugar_g': '20.0g', 'added_sugar_g': 'not listed', 'sugar_alcohols_g': 'not listed', 'protein_g': '0g', 'fat_g': '2.5g', 'sodium_mg': '75mg'}",24.0,
Redbull,Red Bull,90162602,openfoodfacts,2025-09-09T20:09:39.050278,drink,drink,250.0,115.0,27.5,,27.5,,,0.0,0.0,97.5,"Carbonated Water, Sugar, Glucose, Citric Acid, Taurine, Natural flavors, Artificial Flavors, Sodium Bicarbonate, Magnesium Carbonate, Artificial Colors, Caffeine, Niacinamide, Pyridoxine Hci, Calcium Pantothenate, Vitamin B12.","{'carbs_g': '27.5g', 'fiber_g': 'not listed', 'sugar_g': '27.5g', 'added_sugar_g': 'not listed', 'sugar_alcohols_g': 'not listed', 'protein_g': '0g', 'fat_g': '0g', 'sodium_mg': '98mg'}",27.5,
2-minute Noodles,Maggi,941458000290,openfoodfacts,2025-09-09T20:05:12.724580,grain,pasta-noodles,70.0,310.0,44.0,2.0,2.0,,,6.0,13.0,470.0,"refined wheat flour, palm oil, iodised salt, wheat gluten, potassium chloride, guar gum, potassium carbonate, sodium bicarbonate, sodium tripolyphosphate, onion powder, coriander powder, turmeric powder, red chili powder, garlic powder, cumin powder, aniseed powder, ginger powder, fenugreek powder, black pepper powder, clove powder, green cardamom powder, nutmeg powder, hydrolysed groundnut protein, sugar, palm oil, starch, iodised salt, potassium chloride, disodium ribonucleotides, toasted onion flakes, acidity regulator, citric acid, caramel color, mineral, wheat gluten","{'carbs_g': '44.0g', 'fiber_g': '2.0g', 'sugar_g': '2.0g', 'added_sugar_g': 'not listed', 'sugar_alcohols_g': 'not listed', 'protein_g': '6.0g', 'fat_g': '13.0g', 'sodium_mg': '470mg'}",42.0,
Rolled Oats,Trader Joe's,957649,openfoodfacts,2025-09-09T20:02:17.251613,grain,oats,45.0,170.0,31.0,5.0,0.0,0.0,,6.0,3.0,0.0,WHOLE GRAIN ROLLED OATS,"{'carbs_g': '31.0g', 'fiber_g': '5.0g', 'sugar_g': '0g', 'added_sugar_g': '0g', 'sugar_alcohols_g': 'not listed', 'protein_g': '6.0g', 'fat_g': '3.0g', 'sodium_mg': '0mg'}",26.0,
Pistachios,Kirkland Signature,96619034352,openfoodfacts,2025-09-09T20:07:21.907423,nut,nuts-seeds,60.0,170.0,8.0,3.0,2.0,,,6.0,14.0,0.115,"Dry roasted pistachios, salt,.","{'carbs_g': '8.0g', 'fiber_g': '3.0g', 'sugar_g': '2.0g', 'added_sugar_g': 'not listed', 'sugar_alcohols_g': 'not listed', 'protein_g': '6.0g', 'fat_g': '14.0g', 'sodium_mg': '0mg'}",5.0,
Butter Toffee Cashews,Kirkland Signature,96619047697,openfoodfacts,2025-09-09T20:07:23.476355,nut,nuts-seeds,34.0,61.2,5.44,0.34,3.74,3.4,,1.02,4.08,0.0204,"CASHEWS, SUGAR, BUTTER, SEASONING (SUGAR, BROWN SUGAR, NATURAL FLAVORS, SEA SALT), TOFFEE BITS (SUGAR, BROWN SUGAR, NATURAL FLAVORS, SALT), PEANUT OIL, BROWN SUGAR, NATURAL FLAVOR (NATURAL FLAVOR, SUGAR), SEA SALT.","{'carbs_g': '5.4g', 'fiber_g': '0.3g', 'sugar_g': '3.7g', 'added_sugar_g': '3.4g', 'sugar_alcohols_g': 'not listed', 'protein_g': '1.0g', 'fat_g': '4.1g', 'sodium_mg': '0mg'}",5.1000000000000005,
Shelled Pistachios,Kirkland Signature,96619107698,openfoodfacts,2025-09-09T20:06:59.655403,nut,nuts-seeds,100.0,625.0,29.0,9.9,8.0,,,21.0,45.0,523.0,"Pistachios, Sea Salt.","{'carbs_g': '29.0g', 'fiber_g': '9.9g', 'sugar_g': '8.0g', 'added_sugar_g': 'not listed', 'sugar_alcohols_g': 'not listed', 'protein_g': '21.0g', 'fat_g': '45.0g', 'sodium_mg': '523mg'}",19.1,
Fancy Whole Cashews with Sea Salt,Kirkland,96619142453,openfoodfacts,2025-09-09T20:06:54.993180,nut,nuts-seeds,28.349,160.0,8.0,1.0,2.0,0.0,,5.0,13.0,85.0,"Cashews, peanut Oil, sea Salt","{'carbs_g': '8.0g', 'fiber_g': '1.0g', 'sugar_g': '2.0g', 'added_sugar_g': '0g', 'sugar_alcohols_g': 'not listed', 'protein_g': '5.0g', 'fat_g': '13.0g', 'sodium_mg': '85mg'}",7.0,
Organic Whole Brazil Nuts,Kirkland Signature,96619189281,openfoodfacts,2025-09-09T20:07:05.805784,nut,nuts-seeds,30.0,210.0,4.0,2.0,1.0,0.0,,4.0,20.0,0.0,Organic Whole Brazil Nuts,"{'carbs_g': '4.0g', 'fiber_g': '2.0g', 'sugar_g': '1.0g', 'added_sugar_g': '0g', 'sugar_alcohols_g': 'not listed', 'protein_g': '4.0g', 'fat_g': '20.0g', 'sodium_mg': '0mg'}",2.0,
HEART HEALTHY MIXED NUTS,KIRKLAND Signature,96619196470,openfoodfacts,2025-09-09T20:07:06.609937,nut,nuts-seeds,30.0,200.0,8.0,3.0,1.0,,,3.0,17.0,0.0,"Dry roasted almonds, walnuts, dry roasted hazelnuts, dry roasted pistachios.","{'carbs_g': '8.0g', 'fiber_g': '3.0g', 'sugar_g': '1.0g', 'added_sugar_g': 'not listed', 'sugar_alcohols_g': 'not listed', 'protein_g': '3.0g', 'fat_g': '17.0g', 'sodium_mg': '0mg'}",5.0,
SUPER EXTRA-LARGE PEANUTS,KIRKLAND Signature,96619222490,openfoodfacts,2025-09-09T20:06:58.060819,nut,nuts-seeds,30.0,566.666666666667,20.0,10.0,0.0,0.0,,26.6666666666667,50.0,0.4,"_PEANUTS_, PEANUT OIL, SALT.","{'carbs_g': '20.0g', 'fiber_g': '10.0g', 'sugar_g': '0g', 'added_sugar_g': '0g', 'sugar_alcohols_g': 'not listed', 'protein_g': '26.7g', 'fat_g': '50.0g', 'sodium_mg': '0mg'}",10.0,
Dry Roasted Macadamia Nuts With Sea Salt,Kirkland Signature,96619332731,openfoodfacts,2025-09-09T20:07:12.340388,nut,nuts-seeds,28.0,210.0,4.0,2.0,2.0,,,2.0,21.0,100.0,"Macadamia nuts, Sea Salt.","{'carbs_g': '4.0g', 'fiber_g': '2.0g', 'sugar_g': '2.0g', 'added_sugar_g': 'not listed', 'sugar_alcohols_g': 'not listed', 'protein_g': '2.0g', 'fat_g': '21.0g', 'sodium_mg': '100mg'}",2.0,
Walnuts,Kirkland Signature,96619362851,openfoodfacts,2025-09-09T20:07:00.459577,nut,nuts-seeds,30.0,200.0,4.0,2.0,1.0,0.0,,5.0,20.0,0.0,Walnuts,"{'carbs_g': '4.0g', 'fiber_g': '2.0g', 'sugar_g': '1.0g', 'added_sugar_g': '0g', 'sugar_alcohols_g': 'not listed', 'protein_g': '5.0g', 'fat_g': '20.0g', 'sodium_mg': '0mg'}",2.0,
Cashew Clusters with Almonds and Pumpkin Seeds,Kirkland Signature,96619440498,openfoodfacts,2025-09-09T20:06:58.867181,nut,nuts-seeds,28.0,160.0,11.0,1.0,5.0,4.0,,5.0,11.0,0.095,"Cashews, Almonds, Cane Sugar, Pumpkin Seed Kernels, Rice Syrup, Sea Salt, Honey.","{'carbs_g': '11.0g', 'fiber_g': '1.0g', 'sugar_g': '5.0g', 'added_sugar_g': '4.0g', 'sugar_alcohols_g': 'not listed', 'protein_g': '5.0g', 'fat_g': '11.0g', 'sodium_mg': '0mg'}",10.0,
Golden Quinoa,Andean Naturals,96619533602,openfoodfacts,2025-09-12T18:38:12.249403+00:00,nut,nuts-seeds,45.0,170.0,30.0,3.0,1.0,,,6.0,3.0,0.0,Organic Quinoa,"{'carbs_g': '30.0g', 'fiber_g': '3.0g', 'sugar_g': '1.0g', 'added_sugar_g': 'not listed', 'sugar_alcohols_g': 'not listed', 'protein_g': '6.0g', 'fat_g': '3.0g', 'sodium_mg': '0mg'}",27.0,plant-based-foods-and-beverages|plant-based-foods|cereals-and-potatoes|seeds|cereals-and-their-products|cereal-grains|quinoa
Pistachios,Kirkland Signature,96619545346,openfoodfacts,2025-09-09T20:07:04.239914,nut,nuts-seeds,60.0,170.1,8.01,3.0,2.001,,,6.0,14.01,159.89999999999998,"Dry Roasted Pistachios, Salt.","{'carbs_g': '8.0g', 'fiber_g': '3.0g', 'sugar_g': '2.0g', 'added_sugar_g': 'not listed', 'sugar_alcohols_g': 'not listed', 'protein_g': '6.0g', 'fat_g': '14.0g', 'sodium_mg': '160mg'}",5.01,
"Water, Bottled",Kirkland Signature,96619756803,openfoodfacts,2025-09-09T20:09:44.388554,drink,drink,500.0,0.0,0.0,,,,,0.0,0.0,0.0,"Purified Water, Potassium Bicarbonate, Sodium Bicarbonate, Calcium Citrate, Sodium Chloride And Magnesium Oxide.","{'carbs_g': '0g', 'fiber_g': 'not listed', 'sugar_g': 'not listed', 'added_sugar_g': 'not listed', 'sugar_alcohols_g': 'not listed', 'protein_g': '0g', 'fat_g': '0g', 'sodium_mg': '0mg'}",0.0,
Almonds,Kirkland Signature,96619846016,openfoodfacts,2025-09-09T20:06:56.527988,nut,nuts-seeds,28.0,160.0,6.0,4.0,1.0,0.0,,6.0,14.0,0.0,Almonds.,"{'carbs_g': '6.0g', 'fiber_g': '4.0g', 'sugar_g': '1.0g', 'added_sugar_g': '0g', 'sugar_alcohols_g': 'not listed', 'protein_g': '6.0g', 'fat_g': '14.0g', 'sodium_mg': '0mg'}",2.0,
Unsalted Mixed Nuts,Kirkland,96619885718,openfoodfacts,2025-09-09T20:06:50.707497,nut,nuts-seeds,28.0,170.0,7.0,2.0,2.0,,,5.0,15.0,0.0,"Cashews, Almonds, Pistachios, Pecans, Highly refined peanut oil. May contain: Peanuts, Other tree nuts, Milk, Sesame, Soy, Wheat, Mustard, Sulfites.","{'carbs_g': '7.0g', 'fiber_g': '2.0g', 'sugar_g': '2.0g', 'added_sugar_g': 'not listed', 'sugar_alcohols_g': 'not listed', 'protein_g': '5.0g', 'fat_g': '15.0g', 'sodium_mg': '0mg'}",5.0,
Extra Fancy Salted Mixed Nuts,Kirkland Signature,96619885725,openfoodfacts,2025-09-09T20:06:54.221474,nut,nuts-seeds,50.0,607.142857142857,21.4285714285714,7.14285714285715,3.57142857142857,0.0,,17.8571428571429,57.1428571428572,0.303571428571429,"cashews, almonds, pecans, brazil nuts, macadamia nuts, peanut oil*, sea salt. contains: cashews, almonds, pecans, brazil nuts, macadamia nuts","{'carbs_g': '21.4g', 'fiber_g': '7.1g', 'sugar_g': '3.6g', 'added_sugar_g': '0g', 'sugar_alcohols_g': 'not listed', 'protein_g': '17.9g', 'fat_g': '57.1g', 'sodium_mg': '0mg'}",14.28571428571425,
Fancy Whole Unsalted Cashews,Kirkland Signature,96619928910,openfoodfacts,2025-09-09T20:07:05.017364,nut,nuts-seeds,50.0,290.0,15.0,2.0,3.0,,,8.0,24.0,5.0,"Cashews, Highly refined peanut oil","{'carbs_g': '15.0g', 'fiber_g': '2.0g', 'sugar_g': '3.0g', 'added_sugar_g': 'not listed', 'sugar_alcohols_g': 'not listed', 'protein_g': '8.0g', 'fat_g': '24.0g', 'sodium_mg': '5mg'}",13.0,
Organic whole cashews,Kirkland,96619928927,openfoodfacts,2025-09-09T20:07:22.704248,nut,nuts-seeds,100.0,535.71428571429,28.571428571429,3.5714285714286,7.1428571428571,,,17.857142857143,42.857142857143,0.0,organic cashews,"{'carbs_g': '28.6g', 'fiber_g': '3.6g', 'sugar_g': '7.1g', 'added_sugar_g': 'not listed', 'sugar_alcohols_g': 'not listed', 'protein_g': '17.9g', 'fat_g': '42.9g', 'sodium_mg': '0mg'}",25.0000000000004,
Organic Tricolor Quinoa,Trader Joe's,966894,openfoodfacts,2025-09-09T20:03:36.127746,grain,quinoa,42.0,149.94,27.006,2.999,1.0,,,6.006,2.499,0.0,Organic tricolor quinoa.,"{'carbs_g': '27.0g', 'fiber_g': '3.0g', 'sugar_g': '1.0g', 'added_sugar_g': 'not listed', 'sugar_alcohols_g': 'not listed', 'protein_g': '6.0g', 'fat_g': '2.5g', 'sodium_mg': '0mg'}",24.007,
Organic White Quinoa,Whole Foods Market,99482500962,openfoodfacts,2025-09-09T20:03:47.292682,grain,quinoa,45.0,160.0,31.0,3.0,1.0,0.0,,6.0,2.5,0.0,organic white quinoa.,"{'carbs_g': '31.0g', 'fiber_g': '3.0g', 'sugar_g': '1.0g', 'added_sugar_g': '0g', 'sugar_alcohols_g': 'not listed', 'protein_g': '6.0g', 'fat_g': '2.5g', 'sodium_mg': '0mg'}",28.0,
